Accession	host_sci_name	gb_pubmed_id	Segment	strain	gb_length	patent_related	m49_country
AF181853	-	10888638	-	LP	3390	-	-
AF181854	-	10888638	-	803213	3372	-	-
AF182219	-	10888638	-	las803213	628	-	-
AF182220	-	10888638	-	las803214	628	-	-
AF182221	-	10888638	-	las806316	628	-	-
AF182222	-	10888638	-	las808031	631	-	-
AF182223	-	10888638	-	las806320	628	-	-
AF182224	-	10888638	-	las806319	628	-	-
AF182225	-	10888638	-	las806321	631	-	-
AF182226	-	10888638	-	las806322	631	-	-
AF182227	-	10888638	-	las803787	628	-	-
AF182228	-	10888638	-	las806791	628	-	-
AF182229	-	10888638	-	las803210	628	-	-
AF182230	-	10888638	-	las803212	628	-	-
AF182231	-	10888638	-	las807975	631	-	-
AF182232	-	10888638	-	las803208	628	-	-
AF182233	-	10888638	-	las802662	628	-	-
AF182234	-	10888638	-	las801618	631	-	-
AF182235	-	10888638	-	las803205	628	-	-
AF182236	-	10888638	-	las803209	628	-	-
AF182237	-	10888638	-	las9607290	628	-	-
AF182238	-	10888638	-	las806827	628	-	-
AF182239	-	10888638	-	las801105	631	-	-
AF182240	-	10888638	-	las801107	631	-	-
AF182241	-	10888638	-	las801104	631	-	-
AF182242	-	10888638	-	las801106	631	-	-
AF182243	-	10888638	-	las801109	631	-	-
AF182244	-	10888638	-	las801108	631	-	-
AF182245	-	10888638	-	las807875	628	-	-
AF182246	-	10888638	-	las807976	631	-	-
AF182247	-	10888638	-	las803211	628	-	-
AF182248	-	10888638	-	las801101	631	-	-
AF182249	-	10888638	-	las801103	631	-	-
AF182250	-	10888638	-	las803206	628	-	-
AF182251	-	10888638	-	las801102	631	-	-
AF182252	-	10888638	-	las9607300	628	-	-
AF182253	-	10888638	-	las801100	631	-	-
AF182254	-	10888638	-	las806843	628	-	-
AF182255	-	10888638	-	las9607302	628	-	-
AF182256	-	10888638	-	las803972	631	-	-
AF182257	-	10888638	-	las807974	628	-	-
AF182258	-	10888638	-	las803204	628	-	-
AF182259	-	10888638	-	las803201	631	-	-
AF182260	-	10888638	-	las803792	631	-	-
AF182261	-	10888638	-	las806828	628	-	-
AF182262	-	10888638	-	las803791	631	-	-
AF182263	-	10888638	-	las803793	631	-	-
AF182264	-	10888638	-	las806829	628	-	-
AF182265	-	10888638	-	las807998	631	-	-
AF182266	-	10888638	-	las803203	628	-	-
AF182267	-	10888638	-	las807992	631	-	-
AF182268	-	10888638	-	las807977	631	-	-
AF182269	-	10888638	-	las807868	631	-	-
AF182270	-	10888638	-	las808255	631	-	-
AF182271	-	10888638	-	las803796	631	-	-
AF182272	-	10888638	-	las9608911	628	-	-
AF246121	-	10998376	-	AV	3391	-	-
AF333969	-	11443561	-	CSF	3367	-	-
AH012598	-	14972544	L	CSF	7226	-	-
AJ310764	-	-	-	-	286	-	SLE
AJ969404	Mastomys sp.	7883875	-	-	743	-	SLE
AJ969405	Homo sapiens	7883875	-	-	611	-	NGA
AJ969406	Mastomys sp	7883875	-	-	612	-	LBR
AJ969407	Homo sapiens	7883875	-	-	737	-	NGA
AJ969408	Homo sapiens	7883875	-	-	553	-	NGA
AJ969409	Homo sapiens	7883875	-	-	628	-	NGA
AY179171	-	14972544	L	AV	7227	-	-
AY179172	-	14972544	L	NL	7250	-	-
AY179173	-	14972544	S	NL	3364	-	-
AY216508	-	14698659	-	Josiah	309	-	-
AY363905	-	17905372	L	SL620	805	-	-
AY363906	-	17905372	L	SL15	805	-	-
AY363907	-	17905372	L	SL20	805	-	-
AY363908	-	17905372	L	SL21	805	-	-
AY363909	-	17905372	L	SL25	805	-	-
AY363910	-	17905372	L	SL26	805	-	-
AY628200	-	-	L	Macenta	7280	-	-
AY628201	-	-	S	Macenta	3399	-	-
AY628202	-	-	L	Josiah	7285	-	-
AY628203	-	-	S	Josiah	3402	-	-
AY628204	-	-	L	Z148	7280	-	-
AY628205	-	-	S	Z148	3396	-	-
AY628206	-	-	S	Weller	3420	-	-
AY628207	-	-	S	Pinneo	3428	-	-
AY628208	-	-	S	Acar 3080	3427	-	-
AY693637	-	17905372	L	Nig04-010	781	-	NGA
AY693638	-	17905372	L	las803792	794	-	LBR
AY693639	-	17905372	L	las806791	804	-	NGA
AY693640	-	17905372	L	las803213	756	-	NGA
AY870334	-	17905372	-	Lib04-2739	746	-	LBR
CS272332	-	-	-	-	1476	TRUE	-
CS805355	-	-	-	-	1497	TRUE	-
DI160217	-	-	-	-	351	TRUE	-
DL138934	-	-	-	-	7279	TRUE	-
DL138935	-	-	-	-	3402	TRUE	-
DL143807	-	-	-	-	351	TRUE	-
DQ010030	-	16355508	S	Nig04-02	299	-	NGA
DQ010031	-	16355508	S	Nig04-010	299	-	NGA
DQ832667	-	17326956	-	-	628	-	GIN
DQ832668	-	17326956	-	-	628	-	GIN
DQ832669	-	17326956	-	-	628	-	GIN
DQ832670	-	17326956	-	-	628	-	GIN
DQ832671	-	17326956	-	-	628	-	GIN
DQ832672	-	17326956	-	-	628	-	GIN
DQ832673	-	17326956	-	-	628	-	GIN
DQ832674	-	17326956	-	-	628	-	GIN
DQ832675	-	17326956	-	-	628	-	GIN
DQ832676	-	17326956	-	-	628	-	GIN
DQ832677	-	17326956	-	-	628	-	GIN
DQ832678	-	17326956	-	-	628	-	GIN
DQ832679	-	17326956	-	-	628	-	GIN
DQ832680	-	17326956	-	-	628	-	GIN
DQ832681	-	17326956	-	-	576	-	GIN
DQ832682	-	17326956	-	-	628	-	GIN
DQ832683	-	17326956	-	-	628	-	GIN
DQ832684	-	17326956	-	-	628	-	GIN
DQ832685	-	17326956	-	-	628	-	GIN
DQ832686	-	17326956	-	-	628	-	GIN
DQ832687	-	17326956	-	-	628	-	GIN
DQ832688	-	17326956	-	-	628	-	GIN
DQ832689	-	17326956	-	-	628	-	GIN
DQ832690	-	17326956	-	-	628	-	GIN
DQ832691	-	17326956	-	-	628	-	GIN
DQ832692	-	17326956	-	-	628	-	GIN
DQ832693	-	17326956	-	-	628	-	GIN
DQ832694	-	17326956	-	-	628	-	GIN
DQ832695	-	17326956	-	-	628	-	GIN
DQ832696	-	17326956	-	-	628	-	GIN
DQ832697	-	17326956	-	-	628	-	GIN
DQ832698	-	17326956	-	-	628	-	GIN
DQ832699	-	17326956	-	-	628	-	GIN
FJ824031	Homo sapiens	-	-	-	873	-	MLI
FR832710	-	21880754	-	AV	7267	-	-
FR832711	-	21880754	-	AV	3392	-	-
FV537334	-	-	-	-	7279	TRUE	-
FV537335	-	-	-	-	7279	TRUE	-
FV537336	-	-	-	-	7279	TRUE	-
FV537337	-	-	-	-	7279	TRUE	-
FV537338	-	-	-	-	3402	TRUE	-
FV537339	-	-	-	-	3402	TRUE	-
FV537340	-	-	-	-	3402	TRUE	-
GN354234	-	-	-	-	60	TRUE	-
GN354235	-	-	-	-	60	TRUE	-
GN354236	-	-	-	-	60	TRUE	-
GN354237	-	-	-	-	60	TRUE	-
GN354238	-	-	-	-	60	TRUE	-
GN354239	-	-	-	-	60	TRUE	-
GN354240	-	-	-	-	60	TRUE	-
GN354241	-	-	-	-	60	TRUE	-
GN354242	-	-	-	-	60	TRUE	-
GN354243	-	-	-	-	60	TRUE	-
GU481056	Homo sapiens	20507773	S	Nig05-043	299	-	NGA
GU481057	Homo sapiens	20507773	L	Nig05-043	340	-	NGA
GU481058	Homo sapiens	20507773	S	Nig05-SE40	299	-	NGA
GU481059	Homo sapiens	20507773	L	Nig05-SE40	340	-	NGA
GU481060	Homo sapiens	20507773	S	Nig07-05	281	-	NGA
GU481061	Homo sapiens	20507773	S	Nig07-05	613	-	NGA
GU481062	Homo sapiens	20507773	L	Nig07-05	340	-	NGA
GU481063	Homo sapiens	20507773	S	Nig08-02	916	-	NGA
GU481064	Homo sapiens	20507773	S	Nig08-02	613	-	NGA
GU481065	Homo sapiens	20507773	L	Nig08-02	340	-	NGA
GU481066	Homo sapiens	20507773	S	Nig08-03	282	-	NGA
GU481067	Homo sapiens	20507773	L	Nig08-03	340	-	NGA
GU481068	Homo sapiens	20507773	S	Nig08-04	3377	-	NGA
GU481069	Homo sapiens	20507773	L	Nig08-04	7230	-	NGA
GU481070	Homo sapiens	20507773	S	Nig08-A18	3382	-	NGA
GU481071	Homo sapiens	20507773	L	Nig08-A18	7198	-	NGA
GU481072	Homo sapiens	20507773	S	Nig08-A19	3383	-	NGA
GU481073	Homo sapiens	20507773	L	Nig08-A19	7188	-	NGA
GU481074	Homo sapiens	21191050	S	Nig08-A37	3375	-	NGA
GU481075	Homo sapiens	21191050	L	Nig08-A37	7226	-	NGA
GU481076	Homo sapiens	21191050	S	Nig08-A41	3374	-	NGA
GU481077	Homo sapiens	21191050	L	Nig08-A41	7225	-	NGA
GU481078	Homo sapiens	21191050	S	Nig08-A47	3374	-	NGA
GU481079	Homo sapiens	21191050	L	Nig08-A47	7226	-	NGA
GU573541	Mastomys natalensis	20587185	L	Soromba R	754	-	MLI
GU573542	Mastomys natalensis	20587185	L	Soromba R	754	-	MLI
GU573543	Mastomys natalensis	20587185	L	Soromba R	754	-	MLI
GU573544	Mastomys natalensis	20587185	L	Soromba R	754	-	MLI
GU573545	Mastomys natalensis	20587185	L	Soromba R	754	-	MLI
GU573546	Mastomys natalensis	20587185	L	Soromba R	754	-	MLI
GU573547	Mastomys natalensis	20587185	S	Soromba R	771	-	MLI
GU573548	Mastomys natalensis	20587185	S	Soromba R	771	-	MLI
GU573549	Mastomys natalensis	20587185	S	Soromba R	771	-	MLI
GU573550	Mastomys natalensis	20587185	S	Soromba R	771	-	MLI
GU573551	Mastomys natalensis	20587185	S	Soromba R	771	-	MLI
GU573552	Mastomys natalensis	20587185	S	Soromba R	771	-	MLI
GU830812	Homo sapiens	20351210	S	Lib04-2739	937	-	LBR
GU830813	Homo sapiens	20351210	S	Lib05-236/88	475	-	LBR
GU830814	Homo sapiens	20351210	S	Lib05-406/90	1231	-	LBR
GU830815	Homo sapiens	20351210	S	Lib05-1580/121	920	-	LBR
GU830816	Homo sapiens	20351210	S	Lib05-2096/127	930	-	LBR
GU830817	Homo sapiens	20351210	S	Lib05-2406/129	1235	-	LBR
GU830818	Homo sapiens	20351210	S	Lib05-3800	1233	-	LBR
GU830819	Homo sapiens	20351210	S	Lib05-4094	1238	-	LBR
GU830820	Homo sapiens	20351210	S	Lib06-120	1208	-	LBR
GU830821	Homo sapiens	20351210	S	Lib06-174	1236	-	LBR
GU830822	Homo sapiens	20351210	S	Lib06-295	1228	-	LBR
GU830823	Homo sapiens	20351210	S	Lib06-383	1224	-	LBR
GU830824	Homo sapiens	20351210	S	Lib06-1099	876	-	LBR
GU830825	Homo sapiens	20351210	S	Lib06-1101	825	-	LBR
GU830826	Homo sapiens	20351210	S	Lib06-1826	905	-	LBR
GU830827	Homo sapiens	20351210	S	Lib06-2442	893	-	LBR
GU830828	Homo sapiens	20351210	S	Lib07-29	869	-	LBR
GU830829	Homo sapiens	20351210	S	Lib07-30	868	-	LBR
GU830830	Homo sapiens	20351210	S	Lib07-54	893	-	LBR
GU830831	Homo sapiens	20351210	S	Lib07-55	893	-	LBR
GU830832	Homo sapiens	20351210	S	Lib07-56	894	-	LBR
GU830833	Homo sapiens	20351210	S	Lib07-206	903	-	LBR
GU830834	Homo sapiens	20351210	S	Lib07-444	907	-	LBR
GU830835	Homo sapiens	20351210	S	Lib07-515	904	-	LBR
GU830836	Homo sapiens	20351210	S	Lib07-612	913	-	LBR
GU830837	Homo sapiens	20351210	S	Lib07-624	903	-	LBR
GU830838	Mastomys natalensis	20351210	S	BA289	904	-	GIN
GU830839	Mastomys natalensis	20351210	S	BA366	3358	-	GIN
GU830840	Mastomys natalensis	20351210	S	BA377	903	-	GIN
GU830841	Mastomys natalensis	20351210	S	BA384	895	-	GIN
GU830842	Mastomys natalensis	20351210	S	DGD43	899	-	GIN
GU830843	Mastomys natalensis	20351210	S	TA491	907	-	GIN
GU979503	Homo sapiens	21191050	S	SL26	290	-	SLE
GU979504	Homo sapiens	21191050	S	SL25	290	-	SLE
GU979505	Homo sapiens	21191050	S	SL21	290	-	SLE
GU979506	Homo sapiens	21191050	S	SL15	290	-	SLE
GU979507	Homo sapiens	21191050	L	SL06-2057	340	-	SLE
GU979508	Homo sapiens	21191050	S	SL06-2057	907	-	SLE
GU979509	Homo sapiens	21191050	L	Lib05-2406/129	480	-	LBR
GU979510	Homo sapiens	21191050	L	Lib05-2096/127	575	-	LBR
GU979511	Homo sapiens	21191050	L	Lib05-1580/121	451	-	LBR
GU979512	Homo sapiens	21191050	L	Lib05-236/88	478	-	LBR
GU979513	Mastomys natalensis	21191050	L	BA366	7207	-	GIN
HM143866	Homo sapiens	21191050	S	Nig05-A08	237	-	NGA
HM143867	Homo sapiens	21191050	S	Nig07-A09	234	-	NGA
HM143868	Homo sapiens	21191050	S	Nig07-A14	234	-	NGA
HM143870	Homo sapiens	21191050	S	Nig08-A34	234	-	NGA
HM143871	Homo sapiens	21191050	S	Nig08-A40	234	-	NGA
HM143872	Homo sapiens	21191050	S	Nig08-A45	234	-	NGA
HM143873	Homo sapiens	21191050	S	Nig08-A53	234	-	NGA
HM143874	Homo sapiens	21191050	S	Nig08-A55	234	-	NGA
HM143875	Homo sapiens	21191050	S	Nig08-A57	234	-	NGA
HM143876	Homo sapiens	21191050	S	Nig08-A61	234	-	NGA
HM143877	Homo sapiens	21191050	S	Nig08-A64	234	-	NGA
HM143878	Homo sapiens	21191050	S	Nig08-A72	234	-	NGA
HM143879	Homo sapiens	21191050	S	Nig07-A76	234	-	NGA
HM143880	Homo sapiens	21191050	S	Nig08-A77	234	-	NGA
HM143881	Homo sapiens	21191050	S	Nig08-A80	234	-	NGA
HQ688672	-	21307206	S	Josiah	3401	-	-
HQ688673	-	21307206	S	recombinant Josiah	3401	-	-
HQ688674	-	21307206	L	Josiah	7285	-	-
HQ688675	-	21307206	L	recombinant Josiah	7285	-	-
HV540186	-	-	-	-	351	TRUE	-
J04324	-	2916333	-	-	3402	-	-
JB048532	-	-	-	-	300	TRUE	-
JB048540	-	-	-	-	1710	TRUE	-
JB048543	-	-	-	-	1476	TRUE	-
JC241991	-	-	-	-	1476	TRUE	-
JN650517	Homo sapiens	-	S	Josiah	3399	-	SLE
JN650518	Homo sapiens	-	L	Josiah	7274	-	SLE
JN651366	Homo sapiens	23029594	S	Nig08-110	234	-	NGA
JN651367	Homo sapiens	23029594	S	Nig08-147	234	-	NGA
JN651368	Homo sapiens	23029594	S	Nig08-149	234	-	NGA
JN651369	Homo sapiens	23029594	S	Nig09-025	234	-	NGA
JN651370	Homo sapiens	23029594	S	Nig09-045	237	-	NGA
JN651371	Homo sapiens	23029594	S	Nig09-065	234	-	NGA
JN651372	Homo sapiens	23029594	S	Nig09-066	234	-	NGA
JN651373	Homo sapiens	23029594	S	Nig09-070	234	-	NGA
JN651374	Homo sapiens	23029594	S	Nig09-072	234	-	NGA
JN651375	Homo sapiens	23029594	S	Nig09-073	234	-	NGA
JN651376	Homo sapiens	23029594	S	Nig09-094	234	-	NGA
JN651377	Homo sapiens	23029594	S	Nig09-163	234	-	NGA
JN651378	Homo sapiens	23029594	S	Nig09-168	234	-	NGA
JN651379	Homo sapiens	23029594	S	Nig09-196	234	-	NGA
JN651380	Homo sapiens	23029594	S	Nig09-206	234	-	NGA
JN651381	Homo sapiens	23029594	S	Nig09-244	234	-	NGA
JN651382	Homo sapiens	23029594	S	Nig09-300	234	-	NGA
JN651383	Homo sapiens	23029594	S	Nig09-453	234	-	NGA
JN651384	Homo sapiens	23029594	S	Nig09-537	234	-	NGA
JN651385	Homo sapiens	23029594	S	Nig09-570	234	-	NGA
JN651386	Homo sapiens	23029594	S	Nig09-578	234	-	NGA
JN651387	Homo sapiens	23029594	S	Nig09-628	234	-	NGA
JN651388	Homo sapiens	23029594	S	Nig09-752	234	-	NGA
JN651389	Homo sapiens	23029594	S	Nig09-822	234	-	NGA
JN651390	Homo sapiens	23029594	S	Nig09-837	234	-	NGA
JN651391	Homo sapiens	23029594	S	Nig10-053	234	-	NGA
JN651392	Homo sapiens	23029594	S	Nig10-089	234	-	NGA
JN651393	Homo sapiens	23029594	S	Nig10-433	234	-	NGA
JN651394	Homo sapiens	23029594	S	Nig10-497	234	-	NGA
JN651395	Homo sapiens	23029594	S	Nig10-838	234	-	NGA
JN651396	Homo sapiens	23029594	S	Nig11-009	234	-	NGA
JN651397	Homo sapiens	23029594	S	Nig11-098	234	-	NGA
JN651398	Homo sapiens	23029594	S	Nig11-106	234	-	NGA
JN651399	Homo sapiens	23029594	S	Nig11-186	234	-	NGA
JN651400	Homo sapiens	23029594	S	Nig11-205	234	-	NGA
JQ511991	Homo sapiens	22594713	S	Nig08-MO	281	-	NGA
JQ511992	Homo sapiens	22594713	S	Nig08-EO4	281	-	NGA
JX845167	Mus baoulei	24188212	-	-	339	-	GHA
JX845169	Mus baoulei	24188212	-	-	1752	-	GHA
JX845171	Mus baoulei	24188212	-	-	949	-	GHA
K03362	-	3840620	-	-	1830	-	-
KF425246	Mastomys sp.	-	-	Macenta	297	-	GHA
KF478760	Mastomys natalensis	24340119	L	Komina-R16	7306	-	MLI
KF478761	Mastomys natalensis	24340119	L	Bamba-R114	7282	-	MLI
KF478762	Mastomys natalensis	24340119	L	Soromba-R	7253	-	MLI
KF478763	Mastomys natalensis	24340119	L	Soromba-R30	6880	-	MLI
KF478764	Mastomys natalensis	24340119	L	Ouoma-R123	6811	-	MLI
KF478765	Mastomys natalensis	24340119	S	Soromba-R	3571	-	MLI
KF478766	Mastomys natalensis	24340119	S	Bamba-R114	3561	-	MLI
KF478767	Mastomys natalensis	24340119	S	Komina-R16	3421	-	MLI
KF478768	Mastomys natalensis	24340119	S	Ouoma-R123	3410	-	MLI
KF478769	Mastomys natalensis	24340119	S	Soromba-R30	3364	-	MLI
KF926390	Homo sapiens	-	-	-	912	-	SLE
KJ944259	Homo sapiens	-	S	Nig13-00402 (ENUG)	310	-	NGA
KJ944260	Homo sapiens	-	S	Nig13-00103 (EBON)	311	-	NGA
KJ944261	Homo sapiens	-	S	Nig13-00108 (LAG)	309	-	NGA
KM406518	Mastomys natalensis	-	-	-	621	-	SLE
KM406519	Mastomys natalensis	-	-	-	621	-	SLE
KM406520	Mastomys natalensis	-	-	-	621	-	SLE
KM406521	Mastomys natalensis	-	-	-	621	-	SLE
KM406522	Mastomys natalensis	-	-	-	621	-	SLE
KM406523	Mastomys natalensis	-	-	-	621	-	SLE
KM406524	Mastomys natalensis	-	-	-	621	-	SLE
KM406525	Mastomys natalensis	-	-	-	621	-	SLE
KM406526	Mastomys natalensis	-	-	-	621	-	SLE
KM406527	Mastomys natalensis	-	-	-	621	-	SLE
KM406528	Mastomys natalensis	-	-	-	621	-	SLE
KM406529	Mastomys natalensis	-	-	-	621	-	SLE
KM406530	Mastomys natalensis	-	-	-	621	-	SLE
KM406531	Mastomys natalensis	-	-	-	621	-	SLE
KM406532	Mastomys natalensis	-	-	-	621	-	SLE
KM406533	Mastomys natalensis	-	-	-	621	-	SLE
KM406534	Mastomys natalensis	-	-	-	621	-	SLE
KM406535	Mastomys natalensis	-	-	-	621	-	SLE
KM406536	Mastomys natalensis	-	-	-	621	-	SLE
KM406537	Mastomys natalensis	-	-	-	621	-	SLE
KM406538	Mastomys natalensis	-	-	-	621	-	SLE
KM406539	Mastomys natalensis	-	-	-	621	-	SLE
KM406540	Mastomys natalensis	-	-	-	621	-	SLE
KM406541	Mastomys natalensis	-	-	-	621	-	SLE
KM406542	Mastomys natalensis	-	-	-	621	-	SLE
KM406543	Mastomys natalensis	-	-	-	621	-	SLE
KM406544	Mastomys natalensis	-	-	-	621	-	SLE
KM406545	Mastomys natalensis	-	-	-	621	-	SLE
KM406546	Mastomys natalensis	-	-	-	621	-	SLE
KM406547	Mastomys natalensis	-	-	-	621	-	SLE
KM406548	Mastomys natalensis	-	-	-	621	-	SLE
KM406549	Mastomys natalensis	-	-	-	621	-	SLE
KM406550	Mastomys natalensis	-	-	-	621	-	SLE
KM406551	Mastomys natalensis	-	-	-	621	-	SLE
KM406552	Mastomys natalensis	-	-	-	621	-	SLE
KM406553	Mastomys natalensis	-	-	-	621	-	SLE
KM406554	Mastomys natalensis	-	-	-	621	-	SLE
KM406555	Mastomys natalensis	-	-	-	621	-	SLE
KM406556	Mastomys natalensis	-	-	-	621	-	SLE
KM406557	Mastomys natalensis	-	-	-	373	-	SLE
KM406558	Mastomys natalensis	-	-	-	373	-	SLE
KM406559	Mastomys natalensis	-	-	-	373	-	SLE
KM406560	Mastomys natalensis	-	-	-	373	-	SLE
KM406561	Mastomys natalensis	-	-	-	373	-	SLE
KM406562	Mastomys natalensis	-	-	-	373	-	SLE
KM406563	Mastomys natalensis	-	-	-	373	-	SLE
KM406564	Mastomys natalensis	-	-	-	373	-	SLE
KM406565	Mastomys natalensis	-	-	-	373	-	SLE
KM406566	Mastomys natalensis	-	-	-	373	-	SLE
KM406567	Mastomys natalensis	-	-	-	373	-	SLE
KM406568	Mastomys natalensis	-	-	-	373	-	SLE
KM406569	Mastomys natalensis	-	-	-	373	-	SLE
KM406570	Mastomys natalensis	-	-	-	373	-	SLE
KM406571	Mastomys natalensis	-	-	-	373	-	SLE
KM406572	Mastomys natalensis	-	-	-	373	-	SLE
KM406573	Mastomys natalensis	-	-	-	373	-	SLE
KM406574	Mastomys natalensis	-	-	-	373	-	SLE
KM406575	Mastomys natalensis	-	-	-	373	-	SLE
KM406576	Mastomys natalensis	-	-	-	373	-	SLE
KM406577	Mastomys natalensis	-	-	-	373	-	SLE
KM406578	Mastomys natalensis	-	-	-	373	-	SLE
KM406579	Mastomys natalensis	-	-	-	373	-	SLE
KM406580	Mastomys natalensis	-	-	-	373	-	SLE
KM406581	Mastomys natalensis	-	-	-	373	-	SLE
KM406582	Mastomys natalensis	-	-	-	373	-	SLE
KM406583	Mastomys natalensis	-	-	-	373	-	SLE
KM406584	Mastomys natalensis	-	-	-	373	-	SLE
KM406585	Mastomys natalensis	-	-	-	373	-	SLE
KM406586	Mastomys natalensis	-	-	-	373	-	SLE
KM406587	Mastomys natalensis	-	-	-	373	-	SLE
KM406588	Mastomys natalensis	-	-	-	373	-	SLE
KM406589	Mastomys natalensis	-	-	-	373	-	SLE
KM406590	Mastomys natalensis	-	-	-	290	-	SLE
KM406591	Mastomys natalensis	-	-	-	290	-	SLE
KM406592	Mastomys natalensis	-	-	-	290	-	SLE
KM406593	Mastomys natalensis	-	-	-	290	-	SLE
KM406594	Mastomys natalensis	-	-	-	290	-	SLE
KM406595	Mastomys natalensis	-	-	-	290	-	SLE
KM406596	Mastomys natalensis	-	-	-	290	-	SLE
KM406597	Mastomys natalensis	-	-	-	291	-	SLE
KM406598	Mastomys natalensis	-	-	-	291	-	SLE
KM406599	Mastomys natalensis	-	-	-	291	-	SLE
KM406600	Mastomys natalensis	-	-	-	291	-	SLE
KM406601	Mastomys natalensis	-	-	-	291	-	SLE
KM406602	Mastomys natalensis	-	-	-	291	-	SLE
KM406603	Mastomys natalensis	-	-	-	291	-	SLE
KM406604	Mastomys natalensis	-	-	-	290	-	SLE
KM406605	Mastomys natalensis	-	-	-	291	-	SLE
KM406606	Mastomys natalensis	-	-	-	290	-	SLE
KM406607	Mastomys natalensis	-	-	-	290	-	SLE
KM406608	Mastomys natalensis	-	-	-	290	-	SLE
KM406609	Mastomys natalensis	-	-	-	290	-	SLE
KM406610	Mastomys natalensis	-	-	-	287	-	SLE
KM406611	Mastomys natalensis	-	-	-	287	-	SLE
KM406612	Mastomys natalensis	-	-	-	287	-	SLE
KM406613	Mastomys natalensis	-	-	-	287	-	SLE
KM406614	Mastomys natalensis	-	-	-	287	-	SLE
KM406615	Mastomys natalensis	-	-	-	287	-	SLE
KM406616	Mastomys natalensis	-	-	-	287	-	SLE
KM406617	Mastomys natalensis	-	-	-	287	-	SLE
KM406618	Mastomys natalensis	-	-	-	287	-	SLE
KM406619	Mastomys natalensis	-	-	-	287	-	SLE
KM406620	Mastomys natalensis	-	-	-	290	-	SLE
KM406621	Mastomys natalensis	-	-	-	290	-	SLE
KM406622	Mastomys natalensis	-	-	-	290	-	SLE
KM406623	Mastomys natalensis	-	-	-	290	-	SLE
KM821772	Homo sapiens	-	L	G502-SLE-2009	7277	-	SLE
KM821773	Homo sapiens	-	S	G502-SLE-2009	3394	-	SLE
KM821774	Homo sapiens	-	L	G503-SLE-2009	7279	-	SLE
KM821775	Homo sapiens	-	S	G503-SLE-2009	3397	-	SLE
KM821776	Homo sapiens	-	L	G610-SLE-2009	7281	-	SLE
KM821777	Homo sapiens	-	S	G610-SLE-2009	3400	-	SLE
KM821778	Homo sapiens	-	L	G636-SLE-2009	7288	-	SLE
KM821779	Homo sapiens	-	S	G636-SLE-2009	3400	-	SLE
KM821780	Homo sapiens	-	L	G676-SLE-2009	7301	-	SLE
KM821781	Homo sapiens	-	S	G676-SLE-2009	3401	-	SLE
KM821782	Homo sapiens	-	L	G692-SLE-2009	7286	-	SLE
KM821783	Homo sapiens	-	S	G692-SLE-2009	3401	-	SLE
KM821784	Homo sapiens	-	L	G693-SLE-2009	7284	-	SLE
KM821785	Homo sapiens	-	S	G693-SLE-2009	3399	-	SLE
KM821786	Homo sapiens	-	L	G733-SLE-2010	7286	-	SLE
KM821787	Homo sapiens	-	S	G733-SLE-2010	3399	-	SLE
KM821788	Homo sapiens	-	L	G771-SLE-2010	7281	-	SLE
KM821789	Homo sapiens	-	S	G771-SLE-2010	3400	-	SLE
KM821790	Homo sapiens	-	S	G806-SLE-2010	3374	-	SLE
KM821791	Homo sapiens	-	L	G808-SLE-2010	7286	-	SLE
KM821792	Homo sapiens	-	S	G808-SLE-2010	3397	-	SLE
KM821793	Homo sapiens	-	L	G1180-SLE-2010	7274	-	SLE
KM821794	Homo sapiens	-	S	G1180-SLE-2010	3395	-	SLE
KM821795	Homo sapiens	-	L	G1190-SLE-2010	7286	-	SLE
KM821796	Homo sapiens	-	S	G1190-SLE-2010	3402	-	SLE
KM821797	Homo sapiens	-	L	G1200-LIB-2010	7204	-	LBR
KM821798	Homo sapiens	-	S	G1200-LIB-2010	3402	-	LBR
KM821799	Homo sapiens	-	L	G1442-SLE-2011	7291	-	SLE
KM821800	Homo sapiens	-	S	G1442-SLE-2011	3402	-	SLE
KM821801	Homo sapiens	-	L	G1529-SLE-2011	7275	-	SLE
KM821802	Homo sapiens	-	S	G1529-SLE-2011	3401	-	SLE
KM821803	Homo sapiens	-	L	G1618-SLE-2011	7275	-	SLE
KM821804	Homo sapiens	-	S	G1618-SLE-2011	3392	-	SLE
KM821805	Homo sapiens	-	L	G1646-SLE-2011	7270	-	SLE
KM821806	Homo sapiens	-	S	G1646-SLE-2011	3394	-	SLE
KM821807	Homo sapiens	-	L	G1647-SLE-2011	7278	-	SLE
KM821808	Homo sapiens	-	S	G1647-SLE-2011	3395	-	SLE
KM821809	Homo sapiens	-	L	G1727-SLE-2011	7286	-	SLE
KM821810	Homo sapiens	-	S	G1727-SLE-2011	3400	-	SLE
KM821811	Homo sapiens	-	L	G1774-SLE-2011	7284	-	SLE
KM821812	Homo sapiens	-	S	G1774-SLE-2011	3401	-	SLE
KM821813	Homo sapiens	-	L	G1792-SLE-2011	7290	-	SLE
KM821814	Homo sapiens	-	S	G1792-SLE-2011	3397	-	SLE
KM821815	Homo sapiens	-	S	G1897-SLE-2011	3389	-	SLE
KM821816	Homo sapiens	-	S	G1932-SLE-2011	3397	-	SLE
KM821817	Homo sapiens	-	L	G1959-SLE-2011	7290	-	SLE
KM821818	Homo sapiens	-	S	G1959-SLE-2011	3402	-	SLE
KM821819	Homo sapiens	-	L	G1960-SLE-2011	7284	-	SLE
KM821820	Homo sapiens	-	S	G1960-SLE-2011	3401	-	SLE
KM821821	Homo sapiens	-	L	G2141-SLE-2011	7261	-	SLE
KM821822	Homo sapiens	-	S	G2141-SLE-2011	3397	-	SLE
KM821823	Homo sapiens	-	L	G2147-SLE-2011	7325	-	SLE
KM821824	Homo sapiens	-	S	G2147-SLE-2011	3395	-	SLE
KM821825	Homo sapiens	-	L	G2165-SLE-2011	7296	-	SLE
KM821826	Homo sapiens	-	S	G2165-SLE-2011	3398	-	SLE
KM821827	Homo sapiens	-	L	G2184-SLE-2011	7293	-	SLE
KM821828	Homo sapiens	-	S	G2184-SLE-2011	3400	-	SLE
KM821829	Homo sapiens	-	L	G2197-SLE-2011	7241	-	SLE
KM821830	Homo sapiens	-	S	G2197-SLE-2011	3392	-	SLE
KM821831	Homo sapiens	-	L	G2222-SLE-2011	7267	-	SLE
KM821832	Homo sapiens	-	S	G2222-SLE-2011	3393	-	SLE
KM821833	Homo sapiens	-	S	G2230-SLE-2012	3395	-	SLE
KM821834	Homo sapiens	-	L	G2259-SLE-2012	7208	-	SLE
KM821835	Homo sapiens	-	S	G2259-SLE-2012	3397	-	SLE
KM821836	Homo sapiens	-	L	G2263-SLE-2012	7218	-	SLE
KM821837	Homo sapiens	-	S	G2263-SLE-2012	3402	-	SLE
KM821838	Homo sapiens	-	L	G2280-SLE-2012	7296	-	SLE
KM821839	Homo sapiens	-	S	G2280-SLE-2012	3402	-	SLE
KM821840	Homo sapiens	-	L	G2295-SLE-2012	7286	-	SLE
KM821841	Homo sapiens	-	S	G2295-SLE-2012	3400	-	SLE
KM821842	Homo sapiens	-	L	G2315-SLE-2012	7132	-	SLE
KM821843	Homo sapiens	-	S	G2315-SLE-2012	3371	-	SLE
KM821844	Homo sapiens	-	L	G2318-SLE-2012	7281	-	SLE
KM821845	Homo sapiens	-	S	G2318-SLE-2012	3390	-	SLE
KM821846	Homo sapiens	-	L	G2363-SLE-2012	7272	-	SLE
KM821847	Homo sapiens	-	S	G2363-SLE-2012	3396	-	SLE
KM821848	Homo sapiens	-	S	G2384-SLE-2012	3380	-	SLE
KM821849	Homo sapiens	-	L	G2392-SLE-2012	7286	-	SLE
KM821850	Homo sapiens	-	S	G2392-SLE-2012	3400	-	SLE
KM821851	Homo sapiens	-	L	G2405-SLE-2012	7296	-	SLE
KM821852	Homo sapiens	-	S	G2405-SLE-2012	3391	-	SLE
KM821853	Homo sapiens	-	L	G2427-SLE-2012	7164	-	SLE
KM821854	Homo sapiens	-	S	G2427-SLE-2012	3361	-	SLE
KM821855	Homo sapiens	-	L	G2431-SLE-2012	7246	-	SLE
KM821856	Homo sapiens	-	S	G2431-SLE-2012	3402	-	SLE
KM821857	Homo sapiens	-	S	G2511-SLE-2012	3395	-	SLE
KM821858	Homo sapiens	-	L	G2554-SLE-2012	7270	-	SLE
KM821859	Homo sapiens	-	S	G2554-SLE-2012	3399	-	SLE
KM821860	Homo sapiens	-	L	G2557-SLE-2012	7300	-	SLE
KM821861	Homo sapiens	-	S	G2557-SLE-2012	3396	-	SLE
KM821862	Homo sapiens	-	L	G2565-SLE-2012	7292	-	SLE
KM821863	Homo sapiens	-	S	G2565-SLE-2012	3400	-	SLE
KM821864	Homo sapiens	-	L	G2587-SLE-2012	7275	-	SLE
KM821865	Homo sapiens	-	S	G2587-SLE-2012	3395	-	SLE
KM821866	Homo sapiens	-	L	G2612-SLE-2012	7275	-	SLE
KM821867	Homo sapiens	-	S	G2612-SLE-2012	3386	-	SLE
KM821868	Homo sapiens	-	L	G2615-SLE-2012	7131	-	SLE
KM821869	Homo sapiens	-	S	G2615-SLE-2012	3364	-	SLE
KM821870	Homo sapiens	-	L	G2723-SLE-2012	7215	-	SLE
KM821871	Homo sapiens	-	S	G2723-SLE-2012	3373	-	SLE
KM821872	Homo sapiens	-	S	G2789-SLE-2012	3315	-	SLE
KM821873	Homo sapiens	-	L	G2868-SLE-2012	7288	-	SLE
KM821874	Homo sapiens	-	S	G2868-SLE-2012	3402	-	SLE
KM821875	Homo sapiens	-	L	G2903-SLE-2012	7264	-	SLE
KM821876	Homo sapiens	-	S	G2903-SLE-2012	3384	-	SLE
KM821877	Homo sapiens	-	S	G2906-SLE-2012	3382	-	SLE
KM821878	Homo sapiens	-	S	G2934-SLE-2012	3339	-	SLE
KM821879	Homo sapiens	-	L	G2944-SLE-2012	7274	-	SLE
KM821880	Homo sapiens	-	S	G2944-SLE-2012	3393	-	SLE
KM821881	Homo sapiens	-	L	G3010-SLE-2013	7270	-	SLE
KM821882	Homo sapiens	-	S	G3010-SLE-2013	3402	-	SLE
KM821883	Homo sapiens	-	L	G3016-SLE-2013	7276	-	SLE
KM821884	Homo sapiens	-	S	G3016-SLE-2013	3396	-	SLE
KM821885	Homo sapiens	-	S	G3034-SLE-2013	3339	-	SLE
KM821886	Homo sapiens	-	S	G3076-SLE-2013	3267	-	SLE
KM821887	Homo sapiens	-	S	G3101-SLE-2013	3357	-	SLE
KM821888	Homo sapiens	-	L	G3106-SLE-2013	7283	-	SLE
KM821889	Homo sapiens	-	S	G3106-SLE-2013	3396	-	SLE
KM821890	Homo sapiens	-	S	G3110-SLE-2013	3383	-	SLE
KM821891	Homo sapiens	-	L	G3148-SLE-2013	7263	-	SLE
KM821892	Homo sapiens	-	S	G3148-SLE-2013	3392	-	SLE
KM821893	Homo sapiens	-	L	G3151-SLE-2013	7266	-	SLE
KM821894	Homo sapiens	-	S	G3151-SLE-2013	3401	-	SLE
KM821895	Homo sapiens	-	S	G3157-SLE-2013	3296	-	SLE
KM821896	Homo sapiens	-	L	G3170-SLE-2013	7260	-	SLE
KM821897	Homo sapiens	-	S	G3170-SLE-2013	3393	-	SLE
KM821898	Homo sapiens	-	L	G3206-SLE-2013	7284	-	SLE
KM821899	Homo sapiens	-	S	G3206-SLE-2013	3397	-	SLE
KM821900	Homo sapiens	-	S	G3222-SLE-2013	3402	-	SLE
KM821901	Homo sapiens	-	L	G3229-SLE-2013	7279	-	SLE
KM821902	Homo sapiens	-	S	G3229-SLE-2013	3403	-	SLE
KM821903	Homo sapiens	-	L	G3234-SLE-2013	7105	-	SLE
KM821904	Homo sapiens	-	S	G3234-SLE-2013	3348	-	SLE
KM821905	Homo sapiens	-	L	G3248-SLE-2013	7254	-	SLE
KM821906	Homo sapiens	-	S	G3248-SLE-2013	3391	-	SLE
KM821907	Homo sapiens	-	S	G3253-SLE-2013	3307	-	SLE
KM821908	Homo sapiens	-	L	G3278-SLE-2013	7284	-	SLE
KM821909	Homo sapiens	-	S	G3278-SLE-2013	3391	-	SLE
KM821910	Homo sapiens	-	S	G3283-SLE-2013	3269	-	SLE
KM821911	Homo sapiens	-	L	ISTH0009-NIG-2011	7251	-	NGA
KM821912	Homo sapiens	-	S	ISTH0009-NIG-2011	3407	-	NGA
KM821913	Homo sapiens	-	L	ISTH0012-NIG-2011	7253	-	NGA
KM821914	Homo sapiens	-	S	ISTH0012-NIG-2011	3407	-	NGA
KM821915	Homo sapiens	-	L	ISTH0047-NIG-2011	7254	-	NGA
KM821916	Homo sapiens	-	S	ISTH0047-NIG-2011	3407	-	NGA
KM821917	Homo sapiens	-	L	ISTH0073-NIG-2011	7255	-	NGA
KM821918	Homo sapiens	-	S	ISTH0073-NIG-2011	3407	-	NGA
KM821919	Homo sapiens	-	L	ISTH0230-NIG-2011	7228	-	NGA
KM821920	Homo sapiens	-	S	ISTH0230-NIG-2011	3401	-	NGA
KM821921	Homo sapiens	-	L	ISTH0531-NIG-2011	7255	-	NGA
KM821922	Homo sapiens	-	S	ISTH0531-NIG-2011	3407	-	NGA
KM821923	Homo sapiens	-	L	ISTH0595-NIG-2011	7253	-	NGA
KM821924	Homo sapiens	-	S	ISTH0595-NIG-2011	3402	-	NGA
KM821925	Homo sapiens	-	S	ISTH0964-NIG-2011	3397	-	NGA
KM821926	Homo sapiens	-	L	ISTH1003-NIG-2011	7284	-	NGA
KM821927	Homo sapiens	-	S	ISTH1003-NIG-2011	3407	-	NGA
KM821928	Homo sapiens	-	L	ISTH1038-NIG-2011	7252	-	NGA
KM821929	Homo sapiens	-	S	ISTH1038-NIG-2011	3402	-	NGA
KM821930	Homo sapiens	-	L	ISTH1048-NIG-2011	7258	-	NGA
KM821931	Homo sapiens	-	S	ISTH1048-NIG-2011	3409	-	NGA
KM821932	Homo sapiens	-	L	ISTH1058-NIG-2011	7252	-	NGA
KM821933	Homo sapiens	-	S	ISTH1058-NIG-2011	3406	-	NGA
KM821934	Homo sapiens	-	L	ISTH1064-NIG-2011	7258	-	NGA
KM821935	Homo sapiens	-	S	ISTH1064-NIG-2011	3409	-	NGA
KM821936	Homo sapiens	-	L	ISTH1069-NIG-2011	7258	-	NGA
KM821937	Homo sapiens	-	S	ISTH1069-NIG-2011	3408	-	NGA
KM821938	Homo sapiens	-	L	ISTH1096-NIG-2012	7259	-	NGA
KM821939	Homo sapiens	-	S	ISTH1096-NIG-2012	3402	-	NGA
KM821940	Homo sapiens	-	L	ISTH1107-NIG-2012	7254	-	NGA
KM821941	Homo sapiens	-	S	ISTH1107-NIG-2012	3406	-	NGA
KM821942	Homo sapiens	-	L	ISTH1111-NIG-2011	7245	-	NGA
KM821943	Homo sapiens	-	S	ISTH1111-NIG-2011	3407	-	NGA
KM821944	Homo sapiens	-	L	ISTH1121-NIG-2012	7239	-	NGA
KM821945	Homo sapiens	-	S	ISTH1121-NIG-2012	3413	-	NGA
KM821946	Homo sapiens	-	L	ISTH1129-NIG-2012	7257	-	NGA
KM821947	Homo sapiens	-	S	ISTH1129-NIG-2012	3406	-	NGA
KM821948	Homo sapiens	-	L	ISTH1137-NIG-2011	7258	-	NGA
KM821949	Homo sapiens	-	S	ISTH1137-NIG-2011	3403	-	NGA
KM821950	Homo sapiens	-	L	ISTH2010-NIG-2012	7256	-	NGA
KM821951	Homo sapiens	-	S	ISTH2010-NIG-2012	3408	-	NGA
KM821952	Homo sapiens	-	L	ISTH2016-NIG-2012	7261	-	NGA
KM821953	Homo sapiens	-	S	ISTH2016-NIG-2012	3412	-	NGA
KM821954	Homo sapiens	-	L	ISTH2020-NIG-2012	7254	-	NGA
KM821955	Homo sapiens	-	S	ISTH2020-NIG-2012	3408	-	NGA
KM821956	Homo sapiens	-	L	ISTH2025-NIG-2012	7262	-	NGA
KM821957	Homo sapiens	-	S	ISTH2025-NIG-2012	3408	-	NGA
KM821958	Homo sapiens	-	L	ISTH2031-NIG-2012	7259	-	NGA
KM821959	Homo sapiens	-	S	ISTH2031-NIG-2012	3407	-	NGA
KM821960	Homo sapiens	-	L	ISTH2037-NIG-2012	7255	-	NGA
KM821961	Homo sapiens	-	S	ISTH2037-NIG-2012	3407	-	NGA
KM821962	Homo sapiens	-	L	ISTH2042-NIG-2012	7258	-	NGA
KM821963	Homo sapiens	-	S	ISTH2042-NIG-2012	3405	-	NGA
KM821964	Homo sapiens	-	L	ISTH2046-NIG-2012	7243	-	NGA
KM821965	Homo sapiens	-	S	ISTH2046-NIG-2012	3402	-	NGA
KM821966	Homo sapiens	-	L	ISTH2050-NIG-2012	7137	-	NGA
KM821967	Homo sapiens	-	S	ISTH2050-NIG-2012	3402	-	NGA
KM821968	Homo sapiens	-	L	ISTH2057-NIG-2012	7251	-	NGA
KM821969	Homo sapiens	-	S	ISTH2057-NIG-2012	3401	-	NGA
KM821970	Homo sapiens	-	L	ISTH2061-NIG-2012	7258	-	NGA
KM821971	Homo sapiens	-	S	ISTH2061-NIG-2012	3408	-	NGA
KM821972	Homo sapiens	-	S	ISTH2064-NIG-2012	3395	-	NGA
KM821973	Homo sapiens	-	L	ISTH2065-NIG-2012	7116	-	NGA
KM821974	Homo sapiens	-	S	ISTH2065-NIG-2012	3399	-	NGA
KM821975	Homo sapiens	-	L	ISTH2066-NIG-2012	7157	-	NGA
KM821976	Homo sapiens	-	S	ISTH2066-NIG-2012	3406	-	NGA
KM821977	Homo sapiens	-	S	ISTH2069-NIG-2012	3397	-	NGA
KM821978	Homo sapiens	-	L	ISTH2094-NIG-2012	7258	-	NGA
KM821979	Homo sapiens	-	S	ISTH2094-NIG-2012	3410	-	NGA
KM821980	Homo sapiens	-	S	ISTH2121-NIG-2012	3388	-	NGA
KM821981	Homo sapiens	-	L	ISTH2129-NIG-2012	7261	-	NGA
KM821982	Homo sapiens	-	S	ISTH2129-NIG-2012	3408	-	NGA
KM821983	Homo sapiens	-	L	ISTH2217-NIG-2012	7258	-	NGA
KM821984	Homo sapiens	-	S	ISTH2217-NIG-2012	3410	-	NGA
KM821985	Homo sapiens	-	L	ISTH2271-NIG-2012	7209	-	NGA
KM821986	Homo sapiens	-	S	ISTH2271-NIG-2012	3402	-	NGA
KM821987	Homo sapiens	-	L	ISTH2304-NIG-2012	7247	-	NGA
KM821988	Homo sapiens	-	S	ISTH2304-NIG-2012	3402	-	NGA
KM821989	Homo sapiens	-	L	ISTH2312-NIG-2012	7254	-	NGA
KM821990	Homo sapiens	-	S	ISTH2312-NIG-2012	3403	-	NGA
KM821991	Homo sapiens	-	L	ISTH2316-NIG-2012	7165	-	NGA
KM821992	Homo sapiens	-	S	ISTH2316-NIG-2012	3364	-	NGA
KM821993	Homo sapiens	-	L	ISTH2334-NIG-2012	7224	-	NGA
KM821994	Homo sapiens	-	S	ISTH2334-NIG-2012	3376	-	NGA
KM821995	Homo sapiens	-	L	ISTH2358-NIG-2012	7250	-	NGA
KM821996	Homo sapiens	-	S	ISTH2358-NIG-2012	3402	-	NGA
KM821997	Homo sapiens	-	L	ISTH2376-NIG-2012	7245	-	NGA
KM821998	Homo sapiens	-	S	ISTH2376-NIG-2012	3396	-	NGA
KM821999	Homo sapiens	-	L	LASV003-NIG-2008	7252	-	NGA
KM822000	Homo sapiens	-	S	LASV003-NIG-2008	3402	-	NGA
KM822001	Homo sapiens	-	L	LASV006-NIG-2008	7250	-	NGA
KM822002	Homo sapiens	-	S	LASV006-NIG-2008	3398	-	NGA
KM822003	Homo sapiens	-	L	LASV035-NIG-2009	7176	-	NGA
KM822004	Homo sapiens	-	S	LASV035-NIG-2009	3384	-	NGA
KM822005	Homo sapiens	-	L	LASV042-NIG-2009	7236	-	NGA
KM822006	Homo sapiens	-	S	LASV042-NIG-2009	3395	-	NGA
KM822007	Homo sapiens	-	L	LASV045-NIG-2009	7226	-	NGA
KM822008	Homo sapiens	-	S	LASV045-NIG-2009	3387	-	NGA
KM822009	Homo sapiens	-	L	LASV046-NIG-2009	7230	-	NGA
KM822010	Homo sapiens	-	S	LASV046-NIG-2009	3367	-	NGA
KM822011	Homo sapiens	-	L	LASV049-NIG-2009	7244	-	NGA
KM822012	Homo sapiens	-	S	LASV049-NIG-2009	3393	-	NGA
KM822013	Homo sapiens	-	L	LASV052-NIG-2008	7223	-	NGA
KM822014	Homo sapiens	-	S	LASV052-NIG-2008	3386	-	NGA
KM822015	Homo sapiens	-	L	LASV056-NIG-2008	7233	-	NGA
KM822016	Homo sapiens	-	S	LASV056-NIG-2008	3402	-	NGA
KM822017	Homo sapiens	-	L	LASV058-NIG-2008	7244	-	NGA
KM822018	Homo sapiens	-	S	LASV058-NIG-2008	3396	-	NGA
KM822019	Homo sapiens	-	L	LASV063-NIG-2009	7240	-	NGA
KM822020	Homo sapiens	-	S	LASV063-NIG-2009	3397	-	NGA
KM822021	Homo sapiens	-	L	LASV221-NIG-2010	7255	-	NGA
KM822022	Homo sapiens	-	S	LASV221-NIG-2010	3409	-	NGA
KM822023	Homo sapiens	-	S	LASV224-NIG-2010	3405	-	NGA
KM822024	Homo sapiens	-	L	LASV225-NIG-2010	7261	-	NGA
KM822025	Homo sapiens	-	S	LASV225-NIG-2010	3412	-	NGA
KM822026	Homo sapiens	-	L	LASV229-NIG-2010	7266	-	NGA
KM822027	Homo sapiens	-	S	LASV229-NIG-2010	3412	-	NGA
KM822028	Homo sapiens	-	L	LASV237-NIG-2010	7262	-	NGA
KM822029	Homo sapiens	-	S	LASV237-NIG-2010	3410	-	NGA
KM822030	Homo sapiens	-	L	LASV239-NIG-2010	7260	-	NGA
KM822031	Homo sapiens	-	S	LASV239-NIG-2010	3409	-	NGA
KM822032	Homo sapiens	-	L	LASV241-NIG-2011	7261	-	NGA
KM822033	Homo sapiens	-	S	LASV241-NIG-2011	3421	-	NGA
KM822034	Homo sapiens	-	L	LASV242-NIG-2010	7265	-	NGA
KM822035	Homo sapiens	-	S	LASV242-NIG-2010	3413	-	NGA
KM822036	Homo sapiens	-	L	LASV245-NIG-2011	7253	-	NGA
KM822037	Homo sapiens	-	S	LASV245-NIG-2011	3405	-	NGA
KM822038	Homo sapiens	-	L	LASV246-NIG-2010	7257	-	NGA
KM822039	Homo sapiens	-	S	LASV246-NIG-2010	3407	-	NGA
KM822040	Homo sapiens	-	L	LASV250-NIG-2011	7270	-	NGA
KM822041	Homo sapiens	-	S	LASV250-NIG-2011	3408	-	NGA
KM822042	Homo sapiens	-	L	LASV251-NIG-2010	7257	-	NGA
KM822043	Homo sapiens	-	S	LASV251-NIG-2010	3402	-	NGA
KM822044	Homo sapiens	-	L	LASV253-NIG-2011	7264	-	NGA
KM822045	Homo sapiens	-	S	LASV253-NIG-2011	3406	-	NGA
KM822046	Homo sapiens	-	L	LASV254-NIG-2011	7260	-	NGA
KM822047	Homo sapiens	-	S	LASV254-NIG-2011	3412	-	NGA
KM822048	Homo sapiens	-	L	LASV256-NIG-2010	7258	-	NGA
KM822049	Homo sapiens	-	S	LASV256-NIG-2010	3407	-	NGA
KM822050	Homo sapiens	-	L	LASV263-NIG-2011	7259	-	NGA
KM822051	Homo sapiens	-	S	LASV263-NIG-2011	3406	-	NGA
KM822052	Homo sapiens	-	L	LASV267-NIG-2010	7231	-	NGA
KM822053	Homo sapiens	-	S	LASV267-NIG-2010	3406	-	NGA
KM822054	Homo sapiens	-	L	LASV271-NIG-2010	7263	-	NGA
KM822055	Homo sapiens	-	S	LASV271-NIG-2010	3395	-	NGA
KM822056	Homo sapiens	-	L	LASV274-NIG-2010	7255	-	NGA
KM822057	Homo sapiens	-	S	LASV274-NIG-2010	3407	-	NGA
KM822058	Homo sapiens	-	L	LASV711-NIG-2009	7141	-	NGA
KM822059	Homo sapiens	-	S	LASV711-NIG-2009	3383	-	NGA
KM822060	Homo sapiens	-	S	LASV716-NIG-2009	3281	-	NGA
KM822061	Homo sapiens	-	L	LASV719-NIG-2009	7238	-	NGA
KM822062	Homo sapiens	-	S	LASV719-NIG-2009	3396	-	NGA
KM822063	Homo sapiens	-	S	LASV736-NIG-2009	3389	-	NGA
KM822064	Homo sapiens	-	L	LASV737-NIG-2009	7202	-	NGA
KM822065	Homo sapiens	-	S	LASV737-NIG-2009	3393	-	NGA
KM822066	Homo sapiens	-	S	LASV738-NIG-2009	3355	-	NGA
KM822067	Homo sapiens	-	S	LASV746-NIG-2009	3372	-	NGA
KM822068	Homo sapiens	-	L	LASV966-NIG-2009	7247	-	NGA
KM822069	Homo sapiens	-	S	LASV966-NIG-2009	3406	-	NGA
KM822070	Homo sapiens	-	L	LASV967-NIG-2009	7232	-	NGA
KM822071	Homo sapiens	-	S	LASV967-NIG-2009	3386	-	NGA
KM822072	Homo sapiens	-	S	LASV969-NIG-2009	3410	-	NGA
KM822073	Homo sapiens	-	L	LASV971-NIG-2009	7254	-	NGA
KM822074	Homo sapiens	-	S	LASV971-NIG-2009	3407	-	NGA
KM822075	Homo sapiens	-	L	LASV975-NIG-2009	7184	-	NGA
KM822076	Homo sapiens	-	S	LASV975-NIG-2009	3363	-	NGA
KM822077	Homo sapiens	-	L	LASV976-NIG-2009	7223	-	NGA
KM822078	Homo sapiens	-	S	LASV976-NIG-2009	3394	-	NGA
KM822079	Homo sapiens	-	L	LASV977-NIG-2009	7188	-	NGA
KM822080	Homo sapiens	-	S	LASV977-NIG-2009	3353	-	NGA
KM822081	Homo sapiens	-	L	LASV978-NIG-2009	7228	-	NGA
KM822082	Homo sapiens	-	S	LASV978-NIG-2009	3400	-	NGA
KM822083	Homo sapiens	-	L	LASV979-NIG-2009	7213	-	NGA
KM822084	Homo sapiens	-	S	LASV979-NIG-2009	3379	-	NGA
KM822085	Homo sapiens	-	L	LASV981-NIG-2009	7248	-	NGA
KM822086	Homo sapiens	-	S	LASV981-NIG-2009	3403	-	NGA
KM822087	Homo sapiens	-	L	LASV982-NIG-2009	7241	-	NGA
KM822088	Homo sapiens	-	S	LASV982-NIG-2009	3398	-	NGA
KM822089	Homo sapiens	-	S	LASV988-NIG-2009	3362	-	NGA
KM822090	Homo sapiens	-	L	LASV989-NIG-2009	7249	-	NGA
KM822091	Homo sapiens	-	S	LASV989-NIG-2009	3408	-	NGA
KM822092	Homo sapiens	-	L	LASV990-NIG-2009	7199	-	NGA
KM822093	Homo sapiens	-	S	LASV990-NIG-2009	3365	-	NGA
KM822094	Homo sapiens	-	L	LASV991-NIG-2009	7199	-	NGA
KM822095	Homo sapiens	-	S	LASV991-NIG-2009	3372	-	NGA
KM822096	Homo sapiens	-	L	LASV992-NIG-2009	7132	-	NGA
KM822097	Homo sapiens	-	S	LASV992-NIG-2009	3309	-	NGA
KM822098	Homo sapiens	-	L	LASV993-NIG-2009	7217	-	NGA
KM822099	Homo sapiens	-	S	LASV993-NIG-2009	3388	-	NGA
KM822100	Homo sapiens	-	L	LASV1000-NIG-2009	7235	-	NGA
KM822101	Homo sapiens	-	S	LASV1000-NIG-2009	3385	-	NGA
KM822102	Homo sapiens	-	L	LASV1008-NIG-2009	7244	-	NGA
KM822103	Homo sapiens	-	S	LASV1008-NIG-2009	3393	-	NGA
KM822104	Homo sapiens	-	L	LASV1011-NIG-2009	7253	-	NGA
KM822105	Homo sapiens	-	S	LASV1011-NIG-2009	3401	-	NGA
KM822106	Homo sapiens	-	L	LASV1015-NIG-2009	7244	-	NGA
KM822107	Homo sapiens	-	S	LASV1015-NIG-2009	3402	-	NGA
KM822108	Homo sapiens	-	L	LASV1016-NIG-2009	7218	-	NGA
KM822109	Homo sapiens	-	S	LASV1016-NIG-2009	3392	-	NGA
KM822110	Mastomys natalensis	-	L	LM032-SLE-2010	7271	-	SLE
KM822111	Mastomys natalensis	-	S	LM032-SLE-2010	3392	-	SLE
KM822112	Mastomys natalensis	-	L	LM222-SLE-2010	7228	-	SLE
KM822113	Mastomys natalensis	-	S	LM222-SLE-2010	3391	-	SLE
KM822114	Mastomys natalensis	-	L	LM395-SLE-2009	7275	-	SLE
KM822115	Mastomys natalensis	-	S	LM395-SLE-2009	3395	-	SLE
KM822116	Mastomys natalensis	-	L	LM765-SLE-2012	7213	-	SLE
KM822117	Mastomys natalensis	-	S	LM765-SLE-2012	3386	-	SLE
KM822118	Mastomys natalensis	-	S	LM771-SLE-2012	3394	-	SLE
KM822119	Mastomys natalensis	-	L	LM774-SLE-2012	7195	-	SLE
KM822120	Mastomys natalensis	-	S	LM774-SLE-2012	3398	-	SLE
KM822121	Mastomys natalensis	-	L	LM776-SLE-2012	7226	-	SLE
KM822122	Mastomys natalensis	-	S	LM776-SLE-2012	3391	-	SLE
KM822123	Mastomys natalensis	-	L	LM778-SLE-2012	7233	-	SLE
KM822124	Mastomys natalensis	-	S	LM778-SLE-2012	3404	-	SLE
KM822125	Mastomys natalensis	-	L	LM779-SLE-2012	7122	-	SLE
KM822126	Mastomys natalensis	-	S	LM779-SLE-2012	3376	-	SLE
KM822127	-	-	L	Pinneo-NIG-1969	7272	-	NGA
KM822128	-	-	S	Pinneo-NIG-1969	3428	-	NGA
KM822129	Mastomys natalensis	-	L	Z0947-SLE-2011	7286	-	SLE
KM822130	Mastomys natalensis	-	S	Z0947-SLE-2011	3397	-	SLE
KM822131	Mastomys natalensis	-	L	Z0948-SLE-2011	7282	-	SLE
KM822132	Mastomys natalensis	-	S	Z0948-SLE-2011	3395	-	SLE
KP339050	Mastomys natalensis	26911443	-	129	756	-	GIN
KP339051	Mastomys natalensis	26911443	-	132	756	-	GIN
KP339052	Mastomys natalensis	26911443	-	148	756	-	GIN
KP339053	Mastomys natalensis	26911443	-	153	756	-	GIN
KP339054	Mastomys natalensis	26911443	-	170	756	-	GIN
KP339055	Mastomys natalensis	26911443	-	185	756	-	GIN
KP339056	Mastomys natalensis	26911443	-	263	756	-	GIN
KP339057	Mastomys natalensis	26911443	-	289	756	-	GIN
KP339058	Mastomys natalensis	26911443	-	302	756	-	GIN
KP339059	Mastomys natalensis	26911443	-	350	756	-	GIN
KP339060	Mastomys natalensis	26911443	-	353	756	-	GIN
KP339061	Mastomys natalensis	26911443	-	354	756	-	GIN
KP339062	Mastomys natalensis	26911443	-	356	756	-	GIN
KP339063	Mastomys natalensis	26911443	-	366	756	-	GIN
KP339064	Mastomys natalensis	26911443	-	375	756	-	GIN
KP339065	Mastomys natalensis	26911443	-	377	756	-	GIN
KP339066	Mastomys natalensis	26911443	-	378	756	-	GIN
KP339067	Mastomys natalensis	26911443	-	382	756	-	GIN
KP339068	Mastomys natalensis	26911443	-	384	756	-	GIN
KP339069	Mastomys natalensis	26911443	-	390	756	-	GIN
KP339070	Mastomys natalensis	26911443	-	396	756	-	GIN
KP339071	Mastomys natalensis	26911443	-	416	756	-	GIN
KP339072	Mastomys natalensis	26911443	-	417	756	-	GIN
KP339073	Mastomys natalensis	26911443	-	425	756	-	GIN
KP339074	Mastomys natalensis	26911443	-	431	756	-	GIN
KP339075	Mastomys natalensis	26911443	-	444	756	-	GIN
KP339076	Mastomys natalensis	26911443	-	462	756	-	GIN
KP339077	Mastomys natalensis	26911443	-	464	756	-	GIN
KP339078	Mastomys natalensis	26911443	-	471	756	-	GIN
KP339079	Mastomys natalensis	26911443	-	491	756	-	GIN
KP339080	Mastomys natalensis	26911443	-	497	756	-	GIN
KP339081	Mastomys natalensis	26911443	-	686	756	-	GIN
KP339082	Mastomys natalensis	26911443	-	717	756	-	GIN
KP339083	Mastomys natalensis	26911443	-	813	756	-	GIN
KP339084	Mastomys natalensis	26911443	-	817	741	-	GIN
KP339085	Mastomys natalensis	26911443	-	820	756	-	GIN
KP339086	Mastomys natalensis	26911443	-	846	756	-	GIN
KP339087	Mastomys natalensis	26911443	-	903	756	-	GIN
KP339088	Mastomys natalensis	26911443	-	909	756	-	GIN
KP339089	Mastomys natalensis	26911443	-	936	756	-	GIN
KP339090	Mastomys natalensis	26911443	-	939	756	-	GIN
KP339091	Mastomys natalensis	26911443	-	959	756	-	GIN
KP339092	Mastomys natalensis	26911443	-	966	756	-	GIN
KP339093	Mastomys natalensis	26911443	-	987	756	-	GIN
KP339094	Mastomys natalensis	26911443	-	991	756	-	GIN
KP339095	Mastomys natalensis	26911443	-	1007	756	-	GIN
KP339096	Mastomys natalensis	26911443	-	1008	756	-	GIN
KP339097	Mastomys natalensis	26911443	-	1010	756	-	GIN
KP339098	Mastomys natalensis	26911443	-	1011	756	-	GIN
KP339099	Mastomys natalensis	26911443	-	1033	756	-	GIN
KP339100	Mastomys natalensis	26911443	-	1034	756	-	GIN
KP339101	Mastomys natalensis	26911443	-	1066	756	-	GIN
KP339102	Mastomys natalensis	26911443	-	1074	756	-	GIN
KP339103	Mastomys natalensis	26911443	-	1198	756	-	GIN
KP339104	Mastomys natalensis	26911443	-	1207	756	-	GIN
KP339105	Mastomys natalensis	26911443	-	1210	756	-	GIN
KP339106	Mastomys natalensis	26911443	-	1240	756	-	GIN
KP339107	Mastomys natalensis	26911443	-	1241	756	-	GIN
KP339108	Mastomys natalensis	26911443	-	1242	756	-	GIN
KP339109	Mastomys natalensis	26911443	-	1259	734	-	GIN
KP339110	Mastomys natalensis	26911443	-	1276	756	-	GIN
KP339111	Mastomys natalensis	26911443	-	1310	756	-	GIN
KP339112	Mastomys natalensis	26911443	-	1484	756	-	GIN
KP339113	Mastomys natalensis	26911443	-	1520	756	-	GIN
KP339114	Mastomys natalensis	26911443	-	1549	756	-	GIN
KP339115	Mastomys natalensis	26911443	-	1586	756	-	GIN
KP339116	Mastomys natalensis	26911443	-	1591	756	-	GIN
KP339117	Mastomys natalensis	26911443	-	1605	756	-	GIN
KP339118	Mastomys natalensis	26911443	-	1606	756	-	GIN
KP339119	Mastomys natalensis	26911443	-	1645	756	-	GIN
KP339120	Mastomys natalensis	26911443	-	1747	756	-	GIN
KP339121	Mastomys natalensis	26911443	-	1755	756	-	GIN
KP339122	Mastomys natalensis	26911443	-	1770	756	-	GIN
KP339123	Mastomys natalensis	26911443	-	1786	756	-	GIN
KP339124	Mastomys natalensis	26911443	-	1824	756	-	GIN
KP339125	Mastomys natalensis	26911443	-	1826	756	-	GIN
KP339126	Mastomys natalensis	26911443	-	1840	756	-	GIN
KP339127	Mastomys natalensis	26911443	-	1858	756	-	GIN
KP339128	Mastomys natalensis	26911443	-	1873	756	-	GIN
KP339129	Mastomys natalensis	26911443	-	1878	756	-	GIN
KP339130	Mastomys natalensis	26911443	-	1892	756	-	GIN
KP339131	Mastomys natalensis	26911443	-	1918	756	-	GIN
KP339132	Mastomys natalensis	26911443	-	1925	756	-	GIN
KP339133	Mastomys natalensis	26911443	-	1946	756	-	GIN
KP640562	Mastomys natalensis	26982388	-	Eguare-Egoro 88	910	-	NGA
KP640563	Mastomys natalensis	26982388	-	Eguare-Egoro 97	909	-	NGA
KP640564	Mastomys natalensis	26982388	-	Eguare-Egoro 106	884	-	NGA
KP640565	Mastomys natalensis	26982388	-	Eguare-Egoro 109	910	-	NGA
KP640566	Mastomys natalensis	26982388	-	Eguare-Egoro 240	908	-	NGA
KP640567	Mastomys natalensis	26982388	-	Eguare-Egoro 271	897	-	NGA
KP640568	Mastomys natalensis	26982388	-	Ekpoma 447	910	-	NGA
KP640569	Mastomys natalensis	26982388	-	Ekpoma 508	910	-	NGA
KP640570	Mastomys natalensis	26982388	-	Ekpoma 512	910	-	NGA
KP640571	Mastomys natalensis	26982388	-	Ekpoma 518	910	-	NGA
KP640572	Mastomys natalensis	26982388	-	Ekpoma 521	910	-	NGA
KP640573	Mastomys natalensis	26982388	-	Ekpoma 539	910	-	NGA
KP640574	Mastomys natalensis	26982388	-	Ekpoma 549	910	-	NGA
KP640575	Mastomys natalensis	26982388	-	Ekpoma 555	910	-	NGA
KP640576	Mastomys natalensis	26982388	-	Ekpoma 601	910	-	NGA
KP688321	Mastomys natalensis	26982388	-	Eguare-Egoro 88	340	-	NGA
KP688322	Mastomys natalensis	26982388	-	Eguare-Egoro 97	340	-	NGA
KP688323	Mastomys natalensis	26982388	-	Eguare-Egoro 106	340	-	NGA
KP688324	Mastomys natalensis	26982388	-	Eguare-Egoro 109	340	-	NGA
KP688325	Mastomys natalensis	26982388	-	Eguare-Egoro 240	340	-	NGA
KP688326	Mastomys natalensis	26982388	-	Eguare-Egoro 271	340	-	NGA
KP688327	Mastomys natalensis	26982388	-	Ekpoma 447	340	-	NGA
KP688328	Mastomys natalensis	26982388	-	Ekpoma 508	340	-	NGA
KP688329	Mastomys natalensis	26982388	-	Ekpoma 512	340	-	NGA
KP688330	Mastomys natalensis	26982388	-	Ekpoma 518	340	-	NGA
KP688331	Mastomys natalensis	26982388	-	Ekpoma 521	340	-	NGA
KP688332	Mastomys natalensis	26982388	-	Ekpoma 539	340	-	NGA
KP688333	Mastomys natalensis	26982388	-	Ekpoma 549	340	-	NGA
KP688334	Mastomys natalensis	26982388	-	Ekpoma 555	340	-	NGA
KP688335	Mastomys natalensis	26982388	-	Ekpoma 601	340	-	NGA
KT833175	Mastomys natalensis	26911443	-	Sok07	754	-	GIN
KT833176	Mastomys natalensis	26911443	-	Sok10	754	-	GIN
KT833177	Mastomys natalensis	26911443	-	Sok18	754	-	GIN
KT833178	Mastomys natalensis	26911443	-	Sok21	754	-	GIN
KT833179	Mastomys natalensis	26911443	-	Sok22	754	-	GIN
KT833180	Mastomys natalensis	26911443	-	Sok32	754	-	GIN
KT833181	Mastomys natalensis	26911443	-	Sok34	754	-	GIN
KT833182	Mastomys natalensis	26911443	-	Dam03	754	-	GIN
KT833183	Mastomys natalensis	26911443	-	Dam05	754	-	GIN
KT833184	Mastomys natalensis	26911443	-	Dam15	754	-	GIN
KT833185	Mastomys natalensis	26911443	-	Dam20	754	-	GIN
KT833186	Mastomys natalensis	26911443	-	Dam38	754	-	GIN
KT833187	Mastomys natalensis	26911443	-	Dam49	754	-	GIN
KT833188	Mastomys natalensis	26911443	-	Yar14	754	-	GIN
KT833189	Mastomys natalensis	26911443	-	Yar20	754	-	GIN
KT833190	Mastomys natalensis	26911443	-	Yar24	754	-	GIN
KT833191	Mastomys natalensis	26911443	-	Yar36	754	-	GIN
KT833192	Mastomys natalensis	26911443	-	Yar46	754	-	GIN
KT833193	Mastomys natalensis	26911443	-	Kho10	754	-	GIN
KT833194	Mastomys natalensis	26911443	-	Kho29	754	-	GIN
KT833195	Mastomys natalensis	26911443	-	Kho30	754	-	GIN
KT833196	Mastomys natalensis	26911443	-	Dal02	754	-	GIN
KT833197	Mastomys natalensis	26911443	-	Dal04	754	-	GIN
KT833198	Mastomys natalensis	26911443	-	Dal11	754	-	GIN
KT833199	Mastomys natalensis	26911443	-	Dal17	754	-	GIN
KT833200	Mastomys natalensis	26911443	-	Dal25	754	-	GIN
KT833201	Mastomys natalensis	26911443	-	Dal29	754	-	GIN
KT833202	Mastomys natalensis	26911443	-	Dal31	754	-	GIN
KT833203	Mastomys natalensis	26911443	-	Saf01	754	-	GIN
KT833204	Mastomys natalensis	26911443	-	Sil03	746	-	GIN
KT833205	Mastomys natalensis	26911443	-	Bri08	754	-	GIN
KT833206	Mastomys natalensis	26911443	-	Bri39	754	-	GIN
KT833207	Mastomys natalensis	26911443	-	Dam71	754	-	GIN
KT833208	Mastomys natalensis	26911443	-	Dam72	754	-	GIN
KT833209	Mastomys natalensis	26911443	-	Dam90	754	-	GIN
KT833210	Mastomys natalensis	26911443	-	Dam95	754	-	GIN
KT833211	Mastomys natalensis	26911443	-	Sok40	754	-	GIN
KT833212	Mastomys natalensis	26911443	-	Sok44	754	-	GIN
KT833213	Mastomys natalensis	26911443	-	Sok51	754	-	GIN
KT833214	Mastomys natalensis	26911443	-	Sok61	754	-	GIN
KT833215	Mastomys natalensis	26911443	-	Sok62	754	-	GIN
KT833216	Mastomys natalensis	26911443	-	Sok75	754	-	GIN
KT833217	Mastomys natalensis	26911443	-	Sok76	754	-	GIN
KT833218	Mastomys natalensis	26911443	-	Sok77	754	-	GIN
KT833219	Mastomys natalensis	26911443	-	Son85	754	-	GIN
KT833220	Mastomys natalensis	26911443	-	Son109	754	-	GIN
KT833221	Mastomys natalensis	26911443	-	Yar51	754	-	GIN
KT833222	Mastomys natalensis	26911443	-	Dal53	754	-	GIN
KT992416	Mastomys erythroleucus	27140942	-	Mad39	3393	-	GIN
KT992417	Mastomys erythroleucus	27140942	-	Mad41	3386	-	GIN
KT992418	Mastomys erythroleucus	27140942	-	Mad62	3393	-	GIN
KT992419	Mastomys erythroleucus	27140942	-	Mad63	3384	-	GIN
KT992420	Mastomys erythroleucus	27140942	-	Mad69	3393	-	GIN
KT992421	Mastomys erythroleucus	27140942	-	Mad83	3317	-	GIN
KT992422	Mastomys erythroleucus	27140942	-	ONM-299	3368	-	NGA
KT992423	Mastomys erythroleucus	27140942	-	ONM-314	3368	-	NGA
KT992424	Mastomys erythroleucus	27140942	-	ONM-700	3368	-	NGA
KT992425	Hylomyscus pamfi	27140942	-	KAK-428	3300	-	NGA
KT992426	Mastomys erythroleucus	27140942	-	Mad39	7257	-	GIN
KT992427	Mastomys erythroleucus	27140942	-	Mad41	7257	-	GIN
KT992428	Mastomys erythroleucus	27140942	-	Mad62	7257	-	GIN
KT992429	Mastomys erythroleucus	27140942	-	Mad63	7257	-	GIN
KT992430	Mastomys erythroleucus	27140942	-	Mad69	7257	-	GIN
KT992431	Mastomys erythroleucus	27140942	-	Mad83	7257	-	GIN
KT992432	Mastomys erythroleucus	27140942	-	ONM-299	7198	-	NGA
KT992433	Mastomys erythroleucus	27140942	-	ONM-314	7198	-	NGA
KT992434	Mastomys erythroleucus	27140942	-	ONM-700	7183	-	NGA
KT992435	Hylomyscus pamfi	27140942	-	KAK-428	7145	-	NGA
KT992436	Hylomyscus pamfi	27140942	-	OSPMH86	919	-	NGA
KT992437	Hylomyscus pamfi	27140942	-	OSPMH89	919	-	NGA
KT992438	Hylomyscus pamfi	27140942	-	OSPMH123	919	-	NGA
KT992439	Hylomyscus pamfi	27140942	-	OSPMH124	919	-	NGA
KT992440	Hylomyscus pamfi	27140942	-	OSPMH86	386	-	NGA
KT992441	Hylomyscus pamfi	27140942	-	OSPMH89	386	-	NGA
KT992442	Hylomyscus pamfi	27140942	-	OSPMH123	386	-	NGA
KT992443	Hylomyscus pamfi	27140942	-	OSPMH124	386	-	NGA
KU961971	Homo sapiens	-	S	-	3384	-	TGO
KU961972	Homo sapiens	-	L	-	7282	-	TGO
KU978807	Homo sapiens	-	S	-	3395	-	GIN
KU978808	Homo sapiens	-	L	-	7252	-	GIN
KU978809	Homo sapiens	-	L	-	7274	-	GIN
KU978810	Homo sapiens	-	S	-	3393	-	GIN
KU978811	Homo sapiens	-	S	-	3424	-	NGA
KU978812	Homo sapiens	-	L	-	7283	-	NGA
KY425626	Homo sapiens	-	L	-	7234	-	GIN
KY425628	Homo sapiens	-	L	-	7262	-	GIN
KY425632	Homo sapiens	-	L	-	7273	-	SLE
KY425634	Homo sapiens	-	L	-	7277	-	SLE
KY425635	Homo sapiens	-	S	-	3398	-	GIN
KY425638	Homo sapiens	-	S	-	3396	-	SLE
KY425640	Homo sapiens	-	L	-	7273	-	SLE
KY425641	Homo sapiens	-	S	-	3394	-	SLE
KY425642	Homo sapiens	-	S	-	3389	-	GIN
KY425643	Homo sapiens	-	S	-	3396	-	SLE
KY425650	Homo sapiens	-	S	-	3396	-	SLE
KY425651	Homo sapiens	-	L	-	7274	-	SLE
LC387468	Homo sapiens	30500827	S	-	3291	-	NGA
LC387469	Homo sapiens	30500827	L	-	7137	-	NGA
LC387470	Homo sapiens	30500827	S	-	3299	-	NGA
LC387471	Homo sapiens	30500827	L	-	7143	-	NGA
LC387472	Homo sapiens	30500827	S	-	3280	-	NGA
LC387473	Homo sapiens	30500827	L	-	7134	-	NGA
LC387474	Homo sapiens	30500827	S	-	3279	-	NGA
LC387475	Homo sapiens	30500827	L	-	7147	-	NGA
LC387476	Homo sapiens	30500827	S	-	3276	-	NGA
LC387477	Homo sapiens	30500827	L	-	7131	-	NGA
LC387478	Homo sapiens	30500827	S	-	3267	-	NGA
LC387479	Homo sapiens	30500827	L	-	7170	-	NGA
LC387480	Homo sapiens	30500827	S	-	3260	-	NGA
LC387481	Homo sapiens	30500827	L	-	7135	-	NGA
LC387482	Homo sapiens	30500827	S	-	3294	-	NGA
LC387483	Homo sapiens	30500827	L	-	7146	-	NGA
LC387484	Homo sapiens	30500827	S	-	3275	-	NGA
LC387485	Homo sapiens	30500827	L	-	7153	-	NGA
LC387486	Homo sapiens	30500827	S	-	3273	-	NGA
LC387487	Homo sapiens	30500827	L	-	7167	-	NGA
LC387488	Homo sapiens	30500827	S	-	3268	-	NGA
LC387489	Homo sapiens	30500827	L	-	7169	-	NGA
LC388575	Homo sapiens	30500827	S	-	823	-	NGA
LC388576	Homo sapiens	30500827	S	-	287	-	NGA
LC388577	Homo sapiens	30500827	S	-	703	-	NGA
LC388578	Homo sapiens	30500827	S	-	234	-	NGA
LC388579	Homo sapiens	30500827	S	-	282	-	NGA
LC388580	Homo sapiens	30500827	S	-	282	-	NGA
LC388581	Homo sapiens	30500827	S	-	259	-	NGA
LC388582	Homo sapiens	30500827	S	-	282	-	NGA
LC388583	Homo sapiens	30500827	S	-	282	-	NGA
LC388584	Homo sapiens	30500827	S	-	282	-	NGA
LC388585	Homo sapiens	30500827	S	-	282	-	NGA
LC388586	Homo sapiens	30500827	S	-	282	-	NGA
LC388587	Homo sapiens	30500827	S	-	281	-	NGA
LC388588	Homo sapiens	30500827	S	-	281	-	NGA
LC388589	Homo sapiens	30500827	S	-	281	-	NGA
LC388590	Homo sapiens	30500827	S	-	282	-	NGA
LC388591	Homo sapiens	30500827	S	-	241	-	NGA
LC388592	Homo sapiens	30500827	S	-	1520	-	NGA
LN823982	Mastomys natalensis	26196447	-	124	340	-	CIV
LN823983	Mastomys natalensis	26196447	-	127	340	-	CIV
LN823984	Mastomys natalensis	26196447	-	132	340	-	CIV
LN823985	Mastomys natalensis	26196447	-	139	340	-	CIV
LP044168	-	-	-	-	3401	TRUE	-
LT601601	-	-	I	-	7282	-	-
LT601602	-	-	I	-	3415	-	-
M15076	-	3750844	-	-	1658	-	-
MF317932	Homo sapiens	-	-	-	263	-	BEN
MF317933	Homo sapiens	-	-	-	263	-	NGA
MF317934	Homo sapiens	-	-	-	263	-	NGA
MF317935	Homo sapiens	-	-	-	263	-	NGA
MF317936	Homo sapiens	-	-	-	263	-	NGA
MF317937	Homo sapiens	-	-	-	263	-	NGA
MF317938	Homo sapiens	-	-	-	263	-	NGA
MF317939	Homo sapiens	-	-	-	263	-	NGA
MF317940	Homo sapiens	-	-	-	263	-	NGA
MF317941	Homo sapiens	-	-	-	263	-	NGA
MF317942	Homo sapiens	-	-	-	263	-	NGA
MF317943	Homo sapiens	-	-	-	263	-	NGA
MF317944	Homo sapiens	-	-	-	263	-	NGA
MF317945	Homo sapiens	-	-	-	266	-	NGA
MF317946	Homo sapiens	-	-	-	266	-	NGA
MF990886	Homo sapiens	29460758	L	-	7286	-	TGO
MF990887	Homo sapiens	29460758	L	-	7286	-	TGO
MF990888	Homo sapiens	29460758	S	-	3374	-	TGO
MF990889	Homo sapiens	29460758	S	-	3383	-	TGO
MG812630	Homo sapiens	-	L	-	7243	-	LBR
MG812631	Homo sapiens	-	S	-	3402	-	LBR
MG812632	Homo sapiens	-	S	-	3391	-	LBR
MG812633	Homo sapiens	-	L	-	7238	-	LBR
MG812634	Homo sapiens	-	L	-	7230	-	NGA
MG812635	Homo sapiens	-	S	-	3410	-	NGA
MG812636	Homo sapiens	-	S	-	3395	-	LBR
MG812637	Homo sapiens	-	L	-	7260	-	LBR
MG812638	Homo sapiens	-	L	-	7278	-	SLE
MG812639	Homo sapiens	-	S	-	3400	-	SLE
MG812640	Homo sapiens	-	L	-	7274	-	NGA
MG812641	Homo sapiens	-	S	-	3457	-	NGA
MG812642	Homo sapiens	-	L	-	7286	-	SLE
MG812643	-	-	S	-	3401	-	SLE
MG812644	Homo sapiens	-	L	-	7281	-	GIN
MG812645	Homo sapiens	-	S	-	3399	-	GIN
MG812646	Homo sapiens	-	L	-	7265	-	SLE
MG812647	Homo sapiens	-	S	-	3398	-	SLE
MG812648	Homo sapiens	-	S	-	3394	-	LBR
MG812649	Homo sapiens	-	L	-	7261	-	LBR
MG812650	Homo sapiens	-	S	-	3380	-	LBR
MG812651	Homo sapiens	-	L	-	7168	-	LBR
MG812652	Homo sapiens	-	L	-	7135	-	LBR
MG812653	Homo sapiens	-	S	-	3370	-	LBR
MG812654	Homo sapiens	-	L	-	7134	-	LBR
MG812655	Homo sapiens	-	S	-	3351	-	LBR
MG812656	Homo sapiens	-	L	-	7210	-	LBR
MG812657	Homo sapiens	-	S	-	3332	-	LBR
MG812658	Homo sapiens	-	S	-	3378	-	LBR
MG812659	Homo sapiens	-	L	-	7255	-	LBR
MG812660	Homo sapiens	-	L	-	7133	-	LBR
MG812661	Homo sapiens	-	S	-	3380	-	LBR
MG812662	Homo sapiens	-	L	-	7156	-	LBR
MG812663	Homo sapiens	-	S	-	3353	-	LBR
MG812664	Homo sapiens	-	L	-	7118	-	LBR
MG812665	Homo sapiens	-	S	-	3386	-	LBR
MG812666	Homo sapiens	-	L	-	7299	-	LBR
MG812667	Homo sapiens	-	S	-	3347	-	LBR
MG812668	Homo sapiens	-	L	-	7215	-	LBR
MG812669	Homo sapiens	-	S	-	3390	-	LBR
MG812670	Homo sapiens	-	S	-	3340	-	LBR
MG812671	Homo sapiens	-	L	-	7290	-	LBR
MG812672	Homo sapiens	-	L	-	7253	-	LBR
MG812673	Homo sapiens	-	S	-	3391	-	LBR
MG812674	Homo sapiens	-	L	-	7327	-	NGA
MG812675	Homo sapiens	-	S	-	3426	-	NGA
MG812676	Homo sapiens	-	L	-	7150	-	LBR
MG812677	Homo sapiens	-	S	-	3304	-	LBR
MG812678	Homo sapiens	-	L	-	7175	-	LBR
MG812679	Homo sapiens	-	S	-	3388	-	LBR
MG812680	Homo sapiens	-	L	-	7254	-	NGA
MG812681	Homo sapiens	-	S	-	3400	-	NGA
MG812682	Homo sapiens	-	L	-	7268	-	SLE
MG812683	Homo sapiens	-	S	-	3375	-	SLE
MG812684	Homo sapiens	-	L	-	7248	-	GIN
MG812685	Homo sapiens	-	S	-	3388	-	GIN
MH053463	Homo sapiens	-	S	-	3251	-	NGA
MH053464	Homo sapiens	-	L	-	6628	-	NGA
MH053465	Homo sapiens	-	L	-	6659	-	NGA
MH053466	Homo sapiens	-	L	-	7001	-	NGA
MH053467	Homo sapiens	-	L	-	6576	-	NGA
MH053468	Homo sapiens	-	S	-	3258	-	NGA
MH053469	Homo sapiens	-	L	-	6735	-	NGA
MH053470	Homo sapiens	-	S	-	3256	-	NGA
MH053471	Homo sapiens	-	L	-	6722	-	NGA
MH053472	Homo sapiens	-	S	-	3265	-	NGA
MH053473	Homo sapiens	-	L	-	7071	-	NGA
MH053474	Homo sapiens	-	S	-	3263	-	NGA
MH053475	Homo sapiens	-	S	-	3255	-	NGA
MH053476	Homo sapiens	-	S	-	3383	-	NGA
MH053477	Homo sapiens	-	L	-	6671	-	NGA
MH053478	Homo sapiens	-	S	-	3335	-	NGA
MH053479	Homo sapiens	-	L	-	6698	-	NGA
MH053480	Homo sapiens	-	S	-	3259	-	NGA
MH053481	Homo sapiens	-	L	-	6454	-	NGA
MH053482	Homo sapiens	-	S	-	3258	-	NGA
MH053483	Homo sapiens	-	S	-	3389	-	NGA
MH053484	Homo sapiens	-	S	-	3321	-	NGA
MH053485	Homo sapiens	-	S	-	3393	-	NGA
MH053486	Homo sapiens	-	L	-	6684	-	NGA
MH053487	Homo sapiens	-	S	-	3362	-	NGA
MH053488	Homo sapiens	-	S	-	3390	-	NGA
MH053489	Homo sapiens	-	L	-	7153	-	NGA
MH053490	Homo sapiens	-	S	-	3393	-	NGA
MH053491	Homo sapiens	-	S	-	3394	-	NGA
MH053492	Homo sapiens	-	L	-	7135	-	NGA
MH053493	Homo sapiens	-	S	-	3396	-	NGA
MH053494	Homo sapiens	-	L	-	7227	-	NGA
MH053495	Homo sapiens	-	L	-	6629	-	NGA
MH053496	Homo sapiens	-	L	-	7185	-	NGA
MH053497	Homo sapiens	-	S	-	3385	-	NGA
MH053498	Homo sapiens	-	S	-	3391	-	NGA
MH053499	Homo sapiens	-	L	-	7183	-	NGA
MH053500	Homo sapiens	-	L	-	7192	-	NGA
MH053501	Homo sapiens	-	S	-	3333	-	NGA
MH053502	Homo sapiens	-	S	-	3387	-	NGA
MH053503	Homo sapiens	-	L	-	7146	-	NGA
MH053504	Homo sapiens	-	L	-	7129	-	NGA
MH053505	Homo sapiens	-	L	-	7159	-	NGA
MH053506	Homo sapiens	-	S	-	3380	-	NGA
MH053507	Homo sapiens	-	L	-	7034	-	NGA
MH053508	Homo sapiens	-	L	-	7233	-	NGA
MH053509	Homo sapiens	-	L	-	6483	-	NGA
MH053510	Homo sapiens	-	L	-	6712	-	NGA
MH053511	Homo sapiens	-	S	-	3393	-	NGA
MH053512	Homo sapiens	-	L	-	7188	-	NGA
MH053513	Homo sapiens	-	S	-	3393	-	NGA
MH053514	Homo sapiens	-	S	-	3393	-	NGA
MH053515	Homo sapiens	-	L	-	7216	-	NGA
MH053516	Homo sapiens	-	L	-	7084	-	NGA
MH053517	Homo sapiens	-	L	-	7139	-	NGA
MH053518	Homo sapiens	-	S	-	3375	-	NGA
MH053519	Homo sapiens	-	L	-	7101	-	NGA
MH053520	Homo sapiens	-	L	-	7193	-	NGA
MH053521	Homo sapiens	-	L	-	7183	-	NGA
MH053522	Homo sapiens	-	S	-	3287	-	NGA
MH053523	Homo sapiens	-	S	-	3357	-	NGA
MH053524	Homo sapiens	-	L	-	6818	-	NGA
MH053525	Homo sapiens	-	L	-	7238	-	NGA
MH053526	Homo sapiens	-	S	-	3396	-	NGA
MH053527	Homo sapiens	-	S	-	3334	-	NGA
MH053528	Homo sapiens	-	S	-	3364	-	NGA
MH053529	Homo sapiens	-	L	-	7177	-	NGA
MH053530	Homo sapiens	-	L	-	7145	-	NGA
MH053531	Homo sapiens	-	S	-	3390	-	NGA
MH053532	Homo sapiens	-	L	-	7161	-	NGA
MH053533	Homo sapiens	-	S	-	3380	-	NGA
MH053534	Homo sapiens	-	L	-	7153	-	NGA
MH053535	Homo sapiens	-	L	-	7237	-	NGA
MH053536	Homo sapiens	-	S	-	3395	-	NGA
MH053537	Homo sapiens	-	S	-	3385	-	NGA
MH053538	Homo sapiens	-	S	-	3375	-	NGA
MH053539	Homo sapiens	-	L	-	6730	-	NGA
MH053540	Homo sapiens	-	L	-	6776	-	NGA
MH053541	Homo sapiens	-	L	-	6726	-	NGA
MH053542	Homo sapiens	-	L	-	7207	-	NGA
MH053543	Homo sapiens	-	L	-	7098	-	NGA
MH053544	Homo sapiens	-	S	-	3390	-	NGA
MH053545	Homo sapiens	-	S	-	3391	-	NGA
MH053546	Homo sapiens	-	L	-	7235	-	NGA
MH053547	Homo sapiens	-	L	-	7186	-	NGA
MH053548	Homo sapiens	-	L	-	7132	-	NGA
MH053549	Homo sapiens	-	L	-	7210	-	NGA
MH053550	Homo sapiens	-	L	-	7090	-	NGA
MH053551	Homo sapiens	-	S	-	3378	-	NGA
MH053552	Homo sapiens	-	S	-	3341	-	NGA
MH053553	Homo sapiens	-	S	-	3347	-	NGA
MH053554	Homo sapiens	-	S	-	3382	-	NGA
MH053555	Homo sapiens	-	S	-	3356	-	NGA
MH053556	Homo sapiens	-	L	-	7082	-	NGA
MH053557	Homo sapiens	-	S	-	3283	-	NGA
MH053558	Homo sapiens	-	L	-	6812	-	NGA
MH053559	Homo sapiens	-	S	-	3393	-	NGA
MH053560	Homo sapiens	-	S	-	3378	-	NGA
MH053561	Homo sapiens	-	S	-	3390	-	NGA
MH053562	Homo sapiens	-	S	-	3393	-	NGA
MH053563	Homo sapiens	-	L	-	7232	-	NGA
MH053564	Homo sapiens	-	S	-	3395	-	NGA
MH053565	Homo sapiens	-	L	-	7158	-	NGA
MH053566	Homo sapiens	-	L	-	7164	-	NGA
MH053567	Homo sapiens	-	S	-	3349	-	NGA
MH053568	Homo sapiens	-	L	-	7017	-	NGA
MH053569	Homo sapiens	-	L	-	7072	-	NGA
MH053570	Homo sapiens	-	L	-	7235	-	NGA
MH053571	Homo sapiens	-	L	-	7231	-	NGA
MH053572	Homo sapiens	-	S	-	3295	-	NGA
MH053573	Homo sapiens	-	S	-	3396	-	NGA
MH053574	Homo sapiens	-	S	-	3369	-	NGA
MH053575	Homo sapiens	-	S	-	3369	-	NGA
MH053576	Homo sapiens	-	S	-	3379	-	NGA
MH053577	Homo sapiens	-	S	-	3364	-	NGA
MH053578	Homo sapiens	-	S	-	3392	-	NGA
MH053579	Homo sapiens	-	L	-	7117	-	NGA
MH053580	Homo sapiens	-	S	-	3358	-	NGA
MH053581	Homo sapiens	-	L	-	7135	-	NGA
MH053582	Homo sapiens	-	S	-	3339	-	NGA
MH053583	Homo sapiens	-	L	-	6564	-	NGA
MH053584	Homo sapiens	-	S	-	3245	-	NGA
MH053585	Homo sapiens	-	L	-	7078	-	NGA
MH053586	Homo sapiens	-	S	-	3393	-	NGA
MH053587	Homo sapiens	-	L	-	7235	-	NGA
MH053588	Homo sapiens	-	S	-	3393	-	NGA
MH053589	Homo sapiens	-	S	-	3286	-	NGA
MH053590	Homo sapiens	-	L	-	6711	-	NGA
MH157026	Homo sapiens	-	L	-	6326	-	NGA
MH157027	Homo sapiens	-	L	-	6915	-	NGA
MH157028	Homo sapiens	-	S	-	3336	-	NGA
MH157029	Homo sapiens	-	L	-	7215	-	NGA
MH157030	Homo sapiens	-	S	-	2580	-	NGA
MH157031	Homo sapiens	-	L	-	7074	-	NGA
MH157032	Homo sapiens	-	S	-	3375	-	NGA
MH157033	Homo sapiens	-	L	-	7140	-	NGA
MH157034	Homo sapiens	-	S	-	3389	-	NGA
MH157035	Homo sapiens	-	S	-	3390	-	NGA
MH157036	Homo sapiens	-	L	-	7121	-	NGA
MH157037	Homo sapiens	-	S	-	3330	-	NGA
MH157038	Homo sapiens	-	S	-	3378	-	NGA
MH157039	Homo sapiens	-	S	-	3301	-	NGA
MH157040	Homo sapiens	-	L	-	7085	-	NGA
MH157041	Homo sapiens	-	S	-	3319	-	NGA
MH157042	Homo sapiens	-	L	-	7153	-	NGA
MH157043	Homo sapiens	-	L	-	6841	-	NGA
MH157044	Homo sapiens	-	S	-	3275	-	NGA
MH157045	Homo sapiens	-	S	-	3340	-	NGA
MH157046	Homo sapiens	-	S	-	3279	-	NGA
MH157047	Homo sapiens	-	L	-	7103	-	NGA
MH157048	Homo sapiens	-	L	-	7092	-	NGA
MH157049	Homo sapiens	-	L	-	7239	-	NGA
MH157050	Homo sapiens	-	S	-	3323	-	NGA
MH157051	Homo sapiens	-	L	-	6418	-	NGA
MH157052	Homo sapiens	-	S	-	3148	-	NGA
MH157053	Homo sapiens	-	L	-	7133	-	NGA
MH215278	Homo sapiens	-	L	-	7173	-	LBR
MH215279	Homo sapiens	-	S	-	3392	-	LBR
MH215280	Homo sapiens	-	L	-	7258	-	LBR
MH215281	Homo sapiens	-	S	-	3378	-	LBR
MH215282	Homo sapiens	-	L	-	7260	-	LBR
MH215283	Homo sapiens	-	S	-	3390	-	LBR
MH215284	Homo sapiens	-	L	-	7279	-	LBR
MH215285	Homo sapiens	-	S	-	3398	-	LBR
MH215286	Homo sapiens	-	L	-	7177	-	LBR
MH215287	Homo sapiens	-	S	-	3392	-	LBR
MH215288	Homo sapiens	-	L	-	7236	-	LBR
MH215289	Homo sapiens	-	S	-	3390	-	LBR
MH473586	Homo sapiens	-	S	-	303	-	MLI
MH473587	Homo sapiens	-	S	-	288	-	MLI
MH732623	Mastomys natalensis	-	-	-	887	-	GIN
MH732624	Mastomys natalensis	-	-	-	887	-	GIN
MH732625	Mastomys natalensis	-	-	-	887	-	GIN
MH732626	Mastomys natalensis	-	-	-	887	-	GIN
MH732627	Mastomys natalensis	-	-	-	887	-	GIN
MH732628	Mastomys natalensis	-	-	-	887	-	GIN
MH732629	Mastomys natalensis	-	-	-	887	-	GIN
MH732630	Mastomys natalensis	-	-	-	887	-	GIN
MH732631	Mastomys natalensis	-	-	-	887	-	GIN
MH732632	Mastomys natalensis	-	-	-	887	-	GIN
MH732633	Mastomys natalensis	-	-	-	887	-	GIN
MH732634	Mastomys natalensis	-	-	-	887	-	GIN
MH732635	Mastomys natalensis	-	-	-	887	-	GIN
MH732636	Mastomys natalensis	-	-	-	887	-	GIN
MH732637	Mastomys natalensis	-	-	-	887	-	GIN
MH732638	Mastomys natalensis	-	-	-	887	-	GIN
MH732639	Mastomys natalensis	-	-	-	887	-	GIN
MH732640	Mastomys natalensis	-	-	-	887	-	GIN
MH887755	Homo sapiens	30332564	S	-	3394	-	NGA
MH887756	Homo sapiens	30332564	S	-	3375	-	NGA
MH887757	Homo sapiens	30332564	S	-	3392	-	NGA
MH887758	Homo sapiens	30332564	S	-	3375	-	NGA
MH887759	Homo sapiens	30332564	S	-	3300	-	NGA
MH887760	Homo sapiens	30332564	S	-	3266	-	NGA
MH887761	Homo sapiens	30332564	S	-	3393	-	NGA
MH887762	Homo sapiens	30332564	S	-	3385	-	NGA
MH887763	Homo sapiens	30332564	S	-	3362	-	NGA
MH887764	Homo sapiens	30332564	S	-	3356	-	NGA
MH887765	Homo sapiens	30332564	S	-	3395	-	NGA
MH887766	Homo sapiens	30332564	S	-	3390	-	NGA
MH887767	Homo sapiens	30332564	S	-	3393	-	NGA
MH887768	Homo sapiens	30332564	S	-	3370	-	NGA
MH887769	Homo sapiens	30332564	S	-	3351	-	NGA
MH887770	Homo sapiens	30332564	S	-	3343	-	NGA
MH887771	Homo sapiens	30332564	S	-	3390	-	NGA
MH887772	Homo sapiens	30332564	S	-	3338	-	NGA
MH887773	Homo sapiens	30332564	S	-	3323	-	NGA
MH887774	Homo sapiens	30332564	S	-	3279	-	NGA
MH887775	Homo sapiens	30332564	S	-	3390	-	NGA
MH887776	Homo sapiens	30332564	S	-	3385	-	NGA
MH887777	Homo sapiens	30332564	S	-	3376	-	NGA
MH887778	Homo sapiens	30332564	S	-	3391	-	NGA
MH887779	Homo sapiens	30332564	S	-	3319	-	NGA
MH887780	Homo sapiens	30332564	S	-	3394	-	NGA
MH887781	Homo sapiens	30332564	S	-	3250	-	NGA
MH887782	Homo sapiens	30332564	S	-	3242	-	NGA
MH887783	Homo sapiens	30332564	S	-	3379	-	NGA
MH887784	Homo sapiens	30332564	S	-	3311	-	NGA
MH887785	Homo sapiens	30332564	S	-	3324	-	NGA
MH887786	Homo sapiens	30332564	S	-	3382	-	NGA
MH887787	Homo sapiens	30332564	S	-	3379	-	NGA
MH887788	Homo sapiens	30332564	S	-	3299	-	NGA
MH887789	Homo sapiens	30332564	S	-	3391	-	NGA
MH887790	Homo sapiens	30332564	S	-	3390	-	NGA
MH887791	Homo sapiens	30332564	S	-	3375	-	NGA
MH887792	Homo sapiens	30332564	S	-	3336	-	NGA
MH887793	Homo sapiens	30332564	S	-	3384	-	NGA
MH887794	Homo sapiens	30332564	S	-	3216	-	NGA
MH887795	Homo sapiens	30332564	S	-	3390	-	NGA
MH887796	Homo sapiens	30332564	S	-	3303	-	NGA
MH887797	Homo sapiens	30332564	S	-	3396	-	NGA
MH887798	Homo sapiens	30332564	S	-	3265	-	NGA
MH887799	Homo sapiens	30332564	S	-	3337	-	NGA
MH887800	Homo sapiens	30332564	S	-	3382	-	NGA
MH887801	Homo sapiens	30332564	S	-	3392	-	NGA
MH887802	Homo sapiens	30332564	S	-	3355	-	NGA
MH887803	Homo sapiens	30332564	S	-	3380	-	NGA
MH887804	Homo sapiens	30332564	S	-	3361	-	NGA
MH887805	Homo sapiens	30332564	S	-	3378	-	NGA
MH887806	Homo sapiens	30332564	S	-	3392	-	NGA
MH887807	Homo sapiens	30332564	S	-	3390	-	NGA
MH887808	Homo sapiens	30332564	S	-	3377	-	NGA
MH887809	Homo sapiens	30332564	S	-	3243	-	NGA
MH887810	Homo sapiens	30332564	S	-	3290	-	NGA
MH887811	Homo sapiens	30332564	S	-	3336	-	NGA
MH887812	Homo sapiens	30332564	S	-	3200	-	NGA
MH887813	Homo sapiens	30332564	S	-	3259	-	NGA
MH887814	Homo sapiens	30332564	S	-	3206	-	NGA
MH887815	Homo sapiens	30332564	S	-	3386	-	NGA
MH887816	Homo sapiens	30332564	S	-	3301	-	NGA
MH887817	Homo sapiens	30332564	S	-	3323	-	NGA
MH887818	Homo sapiens	30332564	S	-	3392	-	NGA
MH887819	Homo sapiens	30332564	S	-	3347	-	NGA
MH887820	Homo sapiens	30332564	S	-	3296	-	NGA
MH887821	Homo sapiens	30332564	S	-	3288	-	NGA
MH887822	Homo sapiens	30332564	S	-	3386	-	NGA
MH887823	Homo sapiens	30332564	S	-	3269	-	NGA
MH887824	Homo sapiens	30332564	S	-	3296	-	NGA
MH887825	Homo sapiens	30332564	S	-	3341	-	NGA
MH887826	Homo sapiens	30332564	S	-	3394	-	NGA
MH887827	Homo sapiens	30332564	S	-	3363	-	NGA
MH887828	Homo sapiens	30332564	S	-	3346	-	NGA
MH887829	Homo sapiens	30332564	S	-	3386	-	NGA
MH887830	Homo sapiens	30332564	S	-	3393	-	NGA
MH887831	Homo sapiens	30332564	S	-	3376	-	NGA
MH887832	Homo sapiens	30332564	S	-	3390	-	NGA
MH887833	Homo sapiens	30332564	S	-	3308	-	NGA
MH887834	Homo sapiens	30332564	S	-	3318	-	NGA
MH887835	Homo sapiens	30332564	S	-	3267	-	NGA
MH887836	Homo sapiens	30332564	S	-	3385	-	NGA
MH887837	Homo sapiens	30332564	S	-	3338	-	NGA
MH887838	Homo sapiens	30332564	S	-	3362	-	NGA
MH887839	Homo sapiens	30332564	S	-	3388	-	NGA
MH887840	Homo sapiens	30332564	S	-	3385	-	NGA
MH887841	Homo sapiens	30332564	S	-	3358	-	NGA
MH887842	Homo sapiens	30332564	S	-	3396	-	NGA
MH887843	Homo sapiens	30332564	S	-	3393	-	NGA
MH887844	Homo sapiens	30332564	S	-	3390	-	NGA
MH887845	Homo sapiens	30332564	S	-	3382	-	NGA
MH887846	Homo sapiens	30332564	S	-	3358	-	NGA
MH887847	Homo sapiens	30332564	S	-	3338	-	NGA
MH887848	Homo sapiens	30332564	S	-	3358	-	NGA
MH887849	Homo sapiens	30332564	S	-	3388	-	NGA
MH887850	Homo sapiens	30332564	S	-	3201	-	NGA
MH887851	Homo sapiens	30332564	S	-	3360	-	NGA
MH887852	Homo sapiens	30332564	S	-	3284	-	NGA
MH887853	Homo sapiens	30332564	S	-	3273	-	NGA
MH887854	Homo sapiens	30332564	S	-	3396	-	NGA
MH887855	Homo sapiens	30332564	S	-	3391	-	NGA
MH887856	Homo sapiens	30332564	S	-	3226	-	NGA
MH887857	Homo sapiens	30332564	S	-	3380	-	NGA
MH887858	Homo sapiens	30332564	S	-	3379	-	NGA
MH887859	Homo sapiens	30332564	S	-	3172	-	NGA
MH887860	Homo sapiens	30332564	S	-	3339	-	NGA
MH887861	Homo sapiens	30332564	S	-	3389	-	NGA
MH887862	Homo sapiens	30332564	S	-	3169	-	NGA
MH887863	Homo sapiens	30332564	S	-	3301	-	NGA
MH887864	Homo sapiens	30332564	S	-	3386	-	NGA
MH887865	Homo sapiens	30332564	S	-	3374	-	NGA
MH887866	Homo sapiens	30332564	S	-	3383	-	NGA
MH887867	Homo sapiens	30332564	S	-	3393	-	NGA
MH887868	Homo sapiens	30332564	S	-	3387	-	NGA
MH887869	Homo sapiens	30332564	S	-	3391	-	NGA
MH887870	Homo sapiens	30332564	S	-	3388	-	NGA
MH887871	Homo sapiens	30332564	S	-	3298	-	NGA
MH887872	Homo sapiens	30332564	S	-	3319	-	NGA
MH887873	Homo sapiens	30332564	S	-	3348	-	NGA
MH887874	Homo sapiens	30332564	S	-	3340	-	NGA
MH887875	Homo sapiens	30332564	S	-	3380	-	NGA
MH887876	Homo sapiens	30332564	S	-	3237	-	NGA
MH887877	Homo sapiens	30332564	S	-	3377	-	NGA
MH887878	Homo sapiens	30332564	S	-	3381	-	NGA
MH887879	Homo sapiens	30332564	S	-	3380	-	NGA
MH887880	Homo sapiens	30332564	S	-	3388	-	NGA
MH887881	Homo sapiens	30332564	S	-	3390	-	NGA
MH887882	Homo sapiens	30332564	S	-	3378	-	NGA
MH887883	Homo sapiens	30332564	S	-	3382	-	NGA
MH887884	Homo sapiens	30332564	S	-	3379	-	NGA
MH887885	Homo sapiens	30332564	S	-	3350	-	NGA
MH887886	Homo sapiens	30332564	S	-	3253	-	NGA
MH887887	Homo sapiens	30332564	S	-	3379	-	NGA
MH887888	Homo sapiens	30332564	S	-	3386	-	NGA
MH887889	Homo sapiens	30332564	S	-	3384	-	NGA
MH887890	Homo sapiens	30332564	S	-	3278	-	NGA
MH887891	Homo sapiens	30332564	S	-	3231	-	NGA
MH887892	Homo sapiens	30332564	S	-	3318	-	NGA
MH887893	Homo sapiens	30332564	S	-	3294	-	NGA
MH887894	Homo sapiens	30332564	S	-	3374	-	NGA
MH887895	Homo sapiens	30332564	S	-	3346	-	NGA
MH887896	Homo sapiens	30332564	S	-	3375	-	NGA
MH887897	Homo sapiens	30332564	S	-	3359	-	NGA
MH887898	Homo sapiens	30332564	L	-	7231	-	NGA
MH887899	Homo sapiens	30332564	L	-	7238	-	NGA
MH887900	Homo sapiens	30332564	L	-	7234	-	NGA
MH887901	Homo sapiens	30332564	L	-	7172	-	NGA
MH887902	Homo sapiens	30332564	L	-	7214	-	NGA
MH887903	Homo sapiens	30332564	L	-	7123	-	NGA
MH887904	Homo sapiens	30332564	L	-	7226	-	NGA
MH887905	Homo sapiens	30332564	L	-	7238	-	NGA
MH887906	Homo sapiens	30332564	L	-	7158	-	NGA
MH887907	Homo sapiens	30332564	L	-	7210	-	NGA
MH887908	Homo sapiens	30332564	L	-	7225	-	NGA
MH887909	Homo sapiens	30332564	L	-	7238	-	NGA
MH887910	Homo sapiens	30332564	L	-	7180	-	NGA
MH887911	Homo sapiens	30332564	L	-	7229	-	NGA
MH887912	Homo sapiens	30332564	L	-	7190	-	NGA
MH887913	Homo sapiens	30332564	L	-	7214	-	NGA
MH887914	Homo sapiens	30332564	L	-	7217	-	NGA
MH887915	Homo sapiens	30332564	L	-	7214	-	NGA
MH887916	Homo sapiens	30332564	L	-	7188	-	NGA
MH887917	Homo sapiens	30332564	L	-	7229	-	NGA
MH887918	Homo sapiens	30332564	L	-	7211	-	NGA
MH887919	Homo sapiens	30332564	L	-	7173	-	NGA
MH887920	Homo sapiens	30332564	L	-	7050	-	NGA
MH887921	Homo sapiens	30332564	L	-	7222	-	NGA
MH887922	Homo sapiens	30332564	L	-	7134	-	NGA
MH887923	Homo sapiens	30332564	L	-	7234	-	NGA
MH887924	Homo sapiens	30332564	L	-	6569	-	NGA
MH887925	Homo sapiens	30332564	L	-	7232	-	NGA
MH887926	Homo sapiens	30332564	L	-	7084	-	NGA
MH887927	Homo sapiens	30332564	L	-	7206	-	NGA
MH887928	Homo sapiens	30332564	L	-	7230	-	NGA
MH887929	Homo sapiens	30332564	L	-	7213	-	NGA
MH887930	Homo sapiens	30332564	L	-	7219	-	NGA
MH887931	Homo sapiens	30332564	L	-	7197	-	NGA
MH887932	Homo sapiens	30332564	L	-	7227	-	NGA
MH887933	Homo sapiens	30332564	L	-	7115	-	NGA
MH887934	Homo sapiens	30332564	L	-	6912	-	NGA
MH887935	Homo sapiens	30332564	L	-	7187	-	NGA
MH887936	Homo sapiens	30332564	L	-	7233	-	NGA
MH887937	Homo sapiens	30332564	L	-	7219	-	NGA
MH887938	Homo sapiens	30332564	L	-	7185	-	NGA
MH887939	Homo sapiens	30332564	L	-	7220	-	NGA
MH887940	Homo sapiens	30332564	L	-	7194	-	NGA
MH887941	Homo sapiens	30332564	L	-	7217	-	NGA
MH887942	Homo sapiens	30332564	L	-	7125	-	NGA
MH887943	Homo sapiens	30332564	L	-	7138	-	NGA
MH887944	Homo sapiens	30332564	L	-	7147	-	NGA
MH887945	Homo sapiens	30332564	L	-	7200	-	NGA
MH887946	Homo sapiens	30332564	L	-	7070	-	NGA
MH887947	Homo sapiens	30332564	L	-	7152	-	NGA
MH887948	Homo sapiens	30332564	L	-	7224	-	NGA
MH887949	Homo sapiens	30332564	L	-	7158	-	NGA
MH887950	Homo sapiens	30332564	L	-	7220	-	NGA
MH887951	Homo sapiens	30332564	L	-	7238	-	NGA
MH887952	Homo sapiens	30332564	L	-	7125	-	NGA
MH887953	Homo sapiens	30332564	L	-	7214	-	NGA
MH887954	Homo sapiens	30332564	L	-	7177	-	NGA
MH887955	Homo sapiens	30332564	L	-	7186	-	NGA
MH887956	Homo sapiens	30332564	L	-	7217	-	NGA
MH887957	Homo sapiens	30332564	L	-	7154	-	NGA
MH887958	Homo sapiens	30332564	L	-	7124	-	NGA
MH887959	Homo sapiens	30332564	L	-	7198	-	NGA
MH887960	Homo sapiens	30332564	L	-	7221	-	NGA
MH887961	Homo sapiens	30332564	L	-	7150	-	NGA
MH887962	Homo sapiens	30332564	L	-	7170	-	NGA
MH887963	Homo sapiens	30332564	L	-	7229	-	NGA
MH887964	Homo sapiens	30332564	L	-	7180	-	NGA
MH887965	Homo sapiens	30332564	L	-	7238	-	NGA
MH887966	Homo sapiens	30332564	L	-	7202	-	NGA
MH887967	Homo sapiens	30332564	L	-	7187	-	NGA
MH887968	Homo sapiens	30332564	L	-	7239	-	NGA
MH887969	Homo sapiens	30332564	L	-	7200	-	NGA
MH887970	Homo sapiens	30332564	L	-	7184	-	NGA
MH887971	Homo sapiens	30332564	L	-	7232	-	NGA
MH887972	Homo sapiens	30332564	L	-	7240	-	NGA
MH887973	Homo sapiens	30332564	L	-	7198	-	NGA
MH887974	Homo sapiens	30332564	L	-	7128	-	NGA
MH887975	Homo sapiens	30332564	L	-	7239	-	NGA
MH887976	Homo sapiens	30332564	L	-	7239	-	NGA
MH887977	Homo sapiens	30332564	L	-	7235	-	NGA
MH887978	Homo sapiens	30332564	L	-	7233	-	NGA
MH887979	Homo sapiens	30332564	L	-	7168	-	NGA
MH887980	Homo sapiens	30332564	L	-	7151	-	NGA
MH887981	Homo sapiens	30332564	L	-	7175	-	NGA
MH887982	Homo sapiens	30332564	L	-	7143	-	NGA
MH887983	Homo sapiens	30332564	L	-	7225	-	NGA
MH887984	Homo sapiens	30332564	L	-	7140	-	NGA
MH887985	Homo sapiens	30332564	L	-	7147	-	NGA
MH887986	Homo sapiens	30332564	L	-	7100	-	NGA
MH887987	Homo sapiens	30332564	L	-	7105	-	NGA
MH887988	Homo sapiens	30332564	L	-	6957	-	NGA
MH887989	Homo sapiens	30332564	L	-	7216	-	NGA
MH887990	Homo sapiens	30332564	L	-	7131	-	NGA
MH887991	Homo sapiens	30332564	L	-	7241	-	NGA
MH887992	Homo sapiens	30332564	L	-	7212	-	NGA
MH887993	Homo sapiens	30332564	L	-	7178	-	NGA
MH887994	Homo sapiens	30332564	L	-	7245	-	NGA
MH887995	Homo sapiens	30332564	L	-	7220	-	NGA
MH887996	Homo sapiens	30332564	L	-	7190	-	NGA
MH887997	Homo sapiens	30332564	L	-	7225	-	NGA
MH887998	Homo sapiens	30332564	L	-	7190	-	NGA
MH887999	Homo sapiens	30332564	L	-	7173	-	NGA
MH888000	Homo sapiens	30332564	L	-	7135	-	NGA
MH888001	Homo sapiens	30332564	L	-	7215	-	NGA
MH888002	Homo sapiens	30332564	L	-	7188	-	NGA
MH888003	Homo sapiens	30332564	L	-	7147	-	NGA
MH888004	Homo sapiens	30332564	L	-	7211	-	NGA
MH888005	Homo sapiens	30332564	L	-	7074	-	NGA
MH888006	Homo sapiens	30332564	L	-	7237	-	NGA
MH888007	Homo sapiens	30332564	L	-	7201	-	NGA
MH888008	Homo sapiens	30332564	L	-	7239	-	NGA
MK044799	Mastomys natalensis	-	-	Bantou289	6654	-	GIN
MK107842	Homo sapiens	-	L	-	7227	-	NGA
MK107843	Homo sapiens	-	L	-	7222	-	NGA
MK107844	Homo sapiens	-	L	-	7226	-	NGA
MK107845	Homo sapiens	-	L	-	7235	-	NGA
MK107846	Homo sapiens	-	L	-	7157	-	NGA
MK107847	Homo sapiens	-	L	-	7258	-	NGA
MK107848	Homo sapiens	-	L	-	7258	-	NGA
MK107849	Homo sapiens	-	L	-	7258	-	NGA
MK107850	Homo sapiens	-	L	-	7258	-	NGA
MK107851	Homo sapiens	-	L	-	7258	-	NGA
MK107852	Homo sapiens	-	L	-	7253	-	NGA
MK107853	Homo sapiens	-	L	-	7253	-	NGA
MK107854	Homo sapiens	-	L	-	7249	-	NGA
MK107855	Homo sapiens	-	L	-	7221	-	NGA
MK107856	Homo sapiens	-	L	-	7237	-	NGA
MK107857	Homo sapiens	-	L	-	7255	-	NGA
MK107858	Homo sapiens	-	L	-	7239	-	NGA
MK107859	Homo sapiens	-	L	-	7221	-	NGA
MK107860	Homo sapiens	-	L	-	7209	-	NGA
MK107861	Homo sapiens	-	L	-	7226	-	NGA
MK107862	Homo sapiens	-	L	-	7213	-	NGA
MK107863	Homo sapiens	-	L	-	7252	-	NGA
MK107864	Homo sapiens	-	L	-	7196	-	NGA
MK107865	Homo sapiens	-	L	-	7172	-	NGA
MK107866	Homo sapiens	-	L	-	7196	-	NGA
MK107867	Homo sapiens	-	L	-	7299	-	NGA
MK107868	Homo sapiens	-	L	-	7277	-	NGA
MK107869	Homo sapiens	-	L	-	7230	-	NGA
MK107870	Homo sapiens	-	L	-	7230	-	NGA
MK107871	Homo sapiens	-	L	-	7201	-	NGA
MK107872	Homo sapiens	-	L	-	7426	-	NGA
MK107873	Homo sapiens	-	L	-	7276	-	NGA
MK107874	Homo sapiens	-	L	-	7187	-	NGA
MK107875	Homo sapiens	-	L	-	7195	-	NGA
MK107876	Homo sapiens	-	L	-	7215	-	NGA
MK107877	Homo sapiens	-	L	-	7221	-	NGA
MK107878	Homo sapiens	-	L	-	7221	-	NGA
MK107879	Homo sapiens	-	L	-	7214	-	NGA
MK107880	Homo sapiens	-	L	-	7224	-	NGA
MK107881	Homo sapiens	-	L	-	7255	-	NGA
MK107882	Homo sapiens	-	L	-	7256	-	NGA
MK107883	Homo sapiens	-	L	-	7190	-	NGA
MK107884	Homo sapiens	-	L	-	7191	-	NGA
MK107885	Homo sapiens	-	L	-	7224	-	NGA
MK107886	Homo sapiens	-	L	-	7362	-	NGA
MK107887	Homo sapiens	-	L	-	7116	-	NGA
MK107888	Homo sapiens	-	L	-	7258	-	NGA
MK107889	Homo sapiens	-	L	-	7254	-	NGA
MK107890	Homo sapiens	-	L	-	7226	-	NGA
MK107891	Homo sapiens	-	L	-	7109	-	NGA
MK107892	Homo sapiens	-	L	-	7141	-	NGA
MK107893	Homo sapiens	-	L	-	7258	-	NGA
MK107894	Homo sapiens	-	L	-	7249	-	NGA
MK107895	Homo sapiens	-	L	-	7225	-	NGA
MK107896	Homo sapiens	-	L	-	7238	-	NGA
MK107897	Homo sapiens	-	S	-	3396	-	NGA
MK107898	Homo sapiens	-	S	-	3422	-	NGA
MK107899	Homo sapiens	-	S	-	3424	-	NGA
MK107900	Homo sapiens	-	S	-	3383	-	NGA
MK107901	Homo sapiens	-	S	-	3407	-	NGA
MK107902	Homo sapiens	-	S	-	3410	-	NGA
MK107903	Homo sapiens	-	S	-	3410	-	NGA
MK107904	Homo sapiens	-	S	-	3410	-	NGA
MK107905	Homo sapiens	-	S	-	3410	-	NGA
MK107906	Homo sapiens	-	S	-	3410	-	NGA
MK107907	Homo sapiens	-	S	-	3407	-	NGA
MK107908	Homo sapiens	-	S	-	3407	-	NGA
MK107909	Homo sapiens	-	S	-	3393	-	NGA
MK107910	Homo sapiens	-	S	-	3366	-	NGA
MK107911	Homo sapiens	-	S	-	3424	-	NGA
MK107912	Homo sapiens	-	S	-	3550	-	NGA
MK107913	Homo sapiens	-	S	-	3398	-	NGA
MK107914	Homo sapiens	-	S	-	3366	-	NGA
MK107915	Homo sapiens	-	S	-	3398	-	NGA
MK107916	Homo sapiens	-	S	-	3396	-	NGA
MK107917	Homo sapiens	-	S	-	3366	-	NGA
MK107918	Homo sapiens	-	S	-	3416	-	NGA
MK107919	Homo sapiens	-	S	-	3490	-	NGA
MK107920	Homo sapiens	-	S	-	3453	-	NGA
MK107921	Homo sapiens	-	S	-	3368	-	NGA
MK107922	Homo sapiens	-	S	-	3426	-	NGA
MK107923	Homo sapiens	-	S	-	3522	-	NGA
MK107924	Homo sapiens	-	S	-	3377	-	NGA
MK107925	Homo sapiens	-	S	-	3367	-	NGA
MK107926	Homo sapiens	-	S	-	3410	-	NGA
MK107927	Homo sapiens	-	S	-	3341	-	NGA
MK107928	Homo sapiens	-	S	-	3418	-	NGA
MK107929	Homo sapiens	-	S	-	3383	-	NGA
MK107930	Homo sapiens	-	S	-	3367	-	NGA
MK107931	Homo sapiens	-	S	-	3366	-	NGA
MK107932	Homo sapiens	-	S	-	3366	-	NGA
MK107933	Homo sapiens	-	S	-	3366	-	NGA
MK107934	Homo sapiens	-	S	-	3356	-	NGA
MK107935	Homo sapiens	-	S	-	3366	-	NGA
MK107936	Homo sapiens	-	S	-	3406	-	NGA
MK107937	Homo sapiens	-	S	-	3407	-	NGA
MK107938	Homo sapiens	-	S	-	3398	-	NGA
MK107939	Homo sapiens	-	S	-	3461	-	NGA
MK107940	Homo sapiens	-	S	-	3460	-	NGA
MK107941	Homo sapiens	-	S	-	3445	-	NGA
MK107942	Homo sapiens	-	S	-	3350	-	NGA
MK107943	Homo sapiens	-	S	-	3407	-	NGA
MK107944	Homo sapiens	-	S	-	3407	-	NGA
MK107945	Homo sapiens	-	S	-	3368	-	NGA
MK107946	Homo sapiens	-	S	-	3266	-	NGA
MK107947	Homo sapiens	-	S	-	3396	-	NGA
MK107948	Homo sapiens	-	S	-	3374	-	NGA
MK107949	Homo sapiens	-	S	-	3366	-	NGA
MK107950	Homo sapiens	-	S	-	3400	-	NGA
MK107951	Homo sapiens	-	S	-	3350	-	NGA
MK107952	Homo sapiens	-	S	-	3398	-	NGA
MK107953	Homo sapiens	-	S	-	3388	-	NGA
MK107954	Homo sapiens	-	S	-	3351	-	NGA
MK107955	Homo sapiens	-	S	-	3383	-	NGA
MK107956	Homo sapiens	-	S	-	3413	-	NGA
MK107957	Homo sapiens	-	S	-	3398	-	NGA
MK107958	Homo sapiens	-	S	-	3372	-	NGA
MK107959	Homo sapiens	-	S	-	3338	-	NGA
MK107960	Homo sapiens	-	S	-	3349	-	NGA
MK107961	Homo sapiens	-	S	-	3410	-	NGA
MK107962	Homo sapiens	-	S	-	3410	-	NGA
MK107963	Homo sapiens	-	S	-	3375	-	NGA
MK107964	Homo sapiens	-	S	-	3413	-	NGA
MK107965	Homo sapiens	-	S	-	3407	-	NGA
MK107966	Homo sapiens	-	S	-	3378	-	NGA
MK107967	Homo sapiens	-	S	-	3363	-	NGA
MK107968	Homo sapiens	-	S	-	3368	-	NGA
MK107969	Homo sapiens	-	S	-	3373	-	NGA
MK107970	Homo sapiens	-	S	-	3410	-	NGA
MK107971	Homo sapiens	-	S	-	846	-	NGA
MK107972	Homo sapiens	-	S	-	881	-	NGA
MK107973	Homo sapiens	-	S	-	695	-	NGA
MK107974	Homo sapiens	-	S	-	889	-	NGA
MK107975	Homo sapiens	-	S	-	745	-	NGA
MK107976	Homo sapiens	-	S	-	928	-	NGA
MK107977	Homo sapiens	-	S	-	904	-	NGA
MK107978	Homo sapiens	-	S	-	884	-	NGA
MK107979	Homo sapiens	-	S	-	828	-	NGA
MK107980	Homo sapiens	-	S	-	652	-	NGA
MK107981	Homo sapiens	-	S	-	759	-	NGA
MK107982	Homo sapiens	-	S	-	786	-	NGA
MK117826	Homo sapiens	-	L	-	7160	-	NGA
MK117827	Homo sapiens	-	L	-	7183	-	NGA
MK117828	Homo sapiens	-	L	-	7098	-	NGA
MK117829	Homo sapiens	-	L	-	6715	-	NGA
MK117830	Homo sapiens	-	L	-	5953	-	NGA
MK117831	Homo sapiens	-	L	-	7034	-	NGA
MK117832	Homo sapiens	-	L	-	7193	-	NGA
MK117833	Homo sapiens	-	L	-	7228	-	NGA
MK117834	Homo sapiens	-	L	-	7247	-	NGA
MK117835	Homo sapiens	-	L	-	7236	-	NGA
MK117836	Homo sapiens	-	L	-	7264	-	NGA
MK117837	Homo sapiens	-	L	-	7134	-	NGA
MK117838	Homo sapiens	-	L	-	7244	-	NGA
MK117839	Homo sapiens	-	L	-	7259	-	NGA
MK117840	Homo sapiens	-	L	-	7192	-	NGA
MK117841	Homo sapiens	-	L	-	7193	-	NGA
MK117842	Homo sapiens	-	L	-	7183	-	NGA
MK117843	Homo sapiens	-	L	-	7257	-	NGA
MK117844	Homo sapiens	-	L	-	7164	-	NGA
MK117845	Homo sapiens	-	L	-	7235	-	NGA
MK117846	Homo sapiens	-	S	-	3319	-	NGA
MK117847	Homo sapiens	-	S	-	3395	-	NGA
MK117848	Homo sapiens	-	S	-	3271	-	NGA
MK117849	Homo sapiens	-	S	-	3263	-	NGA
MK117850	Homo sapiens	-	S	-	2388	-	NGA
MK117851	Homo sapiens	-	S	-	3381	-	NGA
MK117852	Homo sapiens	-	S	-	3403	-	NGA
MK117853	Homo sapiens	-	S	-	3336	-	NGA
MK117854	Homo sapiens	-	S	-	3407	-	NGA
MK117855	Homo sapiens	-	S	-	3385	-	NGA
MK117856	Homo sapiens	-	S	-	3321	-	NGA
MK117857	Homo sapiens	-	S	-	3393	-	NGA
MK117858	Homo sapiens	-	S	-	3398	-	NGA
MK117859	Homo sapiens	-	S	-	3423	-	NGA
MK117860	Homo sapiens	-	S	-	3330	-	NGA
MK117861	Homo sapiens	-	S	-	3386	-	NGA
MK117862	Homo sapiens	-	S	-	3389	-	NGA
MK117863	Homo sapiens	-	S	-	3403	-	NGA
MK117864	Homo sapiens	-	S	-	3402	-	NGA
MK117865	Homo sapiens	-	S	-	3389	-	NGA
MK117866	Homo sapiens	-	L	-	7216	-	NGA
MK117867	Homo sapiens	-	L	-	7082	-	NGA
MK117868	Homo sapiens	-	L	-	6982	-	NGA
MK117869	Homo sapiens	-	L	-	7196	-	NGA
MK117870	Homo sapiens	-	L	-	7108	-	NGA
MK117871	Homo sapiens	-	L	-	6299	-	NGA
MK117872	Homo sapiens	-	L	-	7056	-	NGA
MK117873	Homo sapiens	-	L	-	7260	-	NGA
MK117874	Homo sapiens	-	L	-	6407	-	NGA
MK117875	Homo sapiens	-	L	-	7043	-	NGA
MK117876	Homo sapiens	-	L	-	7239	-	NGA
MK117877	Homo sapiens	-	L	-	7230	-	NGA
MK117878	Homo sapiens	-	L	-	7252	-	NGA
MK117879	Homo sapiens	-	L	-	7230	-	NGA
MK117880	Homo sapiens	-	L	-	7240	-	NGA
MK117881	Homo sapiens	-	L	-	7223	-	NGA
MK117882	Homo sapiens	-	L	-	7217	-	NGA
MK117883	Homo sapiens	-	L	-	6938	-	NGA
MK117884	Homo sapiens	-	L	-	7215	-	NGA
MK117885	Homo sapiens	-	L	-	7237	-	NGA
MK117886	Homo sapiens	-	L	-	7260	-	NGA
MK117887	Homo sapiens	-	L	-	7217	-	NGA
MK117888	Homo sapiens	-	L	-	7250	-	NGA
MK117889	Homo sapiens	-	L	-	7198	-	NGA
MK117890	Homo sapiens	-	L	-	7257	-	NGA
MK117891	Homo sapiens	-	L	-	7236	-	NGA
MK117892	Homo sapiens	-	L	-	7164	-	NGA
MK117893	Homo sapiens	-	L	-	7258	-	NGA
MK117894	Homo sapiens	-	L	-	7246	-	NGA
MK117895	Homo sapiens	-	L	-	7161	-	NGA
MK117896	Homo sapiens	-	L	-	7239	-	NGA
MK117897	Homo sapiens	-	L	-	7237	-	NGA
MK117898	Homo sapiens	-	L	-	7255	-	NGA
MK117899	Homo sapiens	-	L	-	7250	-	NGA
MK117900	Homo sapiens	-	L	-	7197	-	NGA
MK117901	Homo sapiens	-	L	-	7250	-	NGA
MK117902	Homo sapiens	-	L	-	7187	-	NGA
MK117903	Homo sapiens	-	L	-	7244	-	NGA
MK117904	Homo sapiens	-	L	-	6594	-	NGA
MK117905	Homo sapiens	-	L	-	7001	-	NGA
MK117906	Homo sapiens	-	L	-	6508	-	NGA
MK117907	Homo sapiens	-	L	-	7250	-	NGA
MK117908	Homo sapiens	-	L	-	6303	-	NGA
MK117909	Homo sapiens	-	L	-	7271	-	NGA
MK117910	Homo sapiens	-	L	-	7045	-	NGA
MK117911	Homo sapiens	-	L	-	7252	-	NGA
MK117912	Homo sapiens	-	L	-	7243	-	NGA
MK117913	Homo sapiens	-	L	-	7135	-	NGA
MK117914	Homo sapiens	-	L	-	6924	-	NGA
MK117915	Homo sapiens	-	L	-	7250	-	NGA
MK117916	Homo sapiens	-	L	-	7260	-	NGA
MK117917	Homo sapiens	-	L	-	7208	-	NGA
MK117918	Homo sapiens	-	L	-	7252	-	NGA
MK117919	Homo sapiens	-	L	-	7110	-	NGA
MK117920	Homo sapiens	-	L	-	7255	-	NGA
MK117921	Homo sapiens	-	L	-	7208	-	NGA
MK117922	Homo sapiens	-	L	-	7245	-	NGA
MK117923	Homo sapiens	-	L	-	7103	-	NGA
MK117924	Homo sapiens	-	L	-	7148	-	NGA
MK117925	Homo sapiens	-	L	-	7086	-	NGA
MK117926	Homo sapiens	-	L	-	7188	-	NGA
MK117927	Homo sapiens	-	L	-	7042	-	NGA
MK117928	Homo sapiens	-	L	-	7250	-	NGA
MK117929	Homo sapiens	-	L	-	7237	-	NGA
MK117930	Homo sapiens	-	L	-	7258	-	NGA
MK117931	Homo sapiens	-	L	-	7234	-	NGA
MK117932	Homo sapiens	-	L	-	7136	-	NGA
MK117933	Homo sapiens	-	L	-	7241	-	NGA
MK117934	Homo sapiens	-	L	-	7217	-	NGA
MK117935	Homo sapiens	-	L	-	7219	-	NGA
MK117936	Homo sapiens	-	L	-	7259	-	NGA
MK117937	Homo sapiens	-	L	-	7181	-	NGA
MK117938	Homo sapiens	-	L	-	7212	-	NGA
MK117939	Homo sapiens	-	L	-	7258	-	NGA
MK117940	Homo sapiens	-	L	-	7258	-	NGA
MK117941	Homo sapiens	-	L	-	7241	-	NGA
MK117942	Homo sapiens	-	L	-	7229	-	NGA
MK117943	Homo sapiens	-	L	-	7238	-	NGA
MK117944	Homo sapiens	-	L	-	6938	-	NGA
MK117945	Homo sapiens	-	L	-	7234	-	NGA
MK117946	Homo sapiens	-	L	-	7224	-	NGA
MK117947	Homo sapiens	-	L	-	6687	-	NGA
MK117948	Homo sapiens	-	S	-	3091	-	NGA
MK117949	Homo sapiens	-	S	-	3375	-	NGA
MK117950	Homo sapiens	-	S	-	3245	-	NGA
MK117951	Homo sapiens	-	S	-	3307	-	NGA
MK117952	Homo sapiens	-	S	-	3445	-	NGA
MK117953	Homo sapiens	-	S	-	3102	-	NGA
MK117954	Homo sapiens	-	S	-	3163	-	NGA
MK117955	Homo sapiens	-	S	-	2788	-	NGA
MK117956	Homo sapiens	-	S	-	3386	-	NGA
MK117957	Homo sapiens	-	S	-	3152	-	NGA
MK117958	Homo sapiens	-	S	-	3373	-	NGA
MK117959	Homo sapiens	-	S	-	3376	-	NGA
MK117960	Homo sapiens	-	S	-	3409	-	NGA
MK117961	Homo sapiens	-	S	-	3367	-	NGA
MK117962	Homo sapiens	-	S	-	3399	-	NGA
MK117963	Homo sapiens	-	S	-	3406	-	NGA
MK117964	Homo sapiens	-	S	-	3399	-	NGA
MK117965	Homo sapiens	-	S	-	3130	-	NGA
MK117966	Homo sapiens	-	S	-	3363	-	NGA
MK117967	Homo sapiens	-	S	-	3381	-	NGA
MK117968	Homo sapiens	-	S	-	3407	-	NGA
MK117969	Homo sapiens	-	S	-	3182	-	NGA
MK117970	Homo sapiens	-	S	-	3400	-	NGA
MK117971	Homo sapiens	-	S	-	3368	-	NGA
MK117972	Homo sapiens	-	S	-	3399	-	NGA
MK117973	Homo sapiens	-	S	-	3394	-	NGA
MK117974	Homo sapiens	-	S	-	3327	-	NGA
MK117975	Homo sapiens	-	S	-	3410	-	NGA
MK117976	Homo sapiens	-	S	-	3367	-	NGA
MK117977	Homo sapiens	-	S	-	3392	-	NGA
MK117978	Homo sapiens	-	S	-	3136	-	NGA
MK117979	Homo sapiens	-	S	-	3389	-	NGA
MK117980	Homo sapiens	-	S	-	3402	-	NGA
MK117981	Homo sapiens	-	S	-	3161	-	NGA
MK117982	Homo sapiens	-	S	-	3398	-	NGA
MK117983	Homo sapiens	-	S	-	3398	-	NGA
MK117984	Homo sapiens	-	S	-	3339	-	NGA
MK117985	Homo sapiens	-	S	-	3401	-	NGA
MK117986	Homo sapiens	-	S	-	3396	-	NGA
MK117987	Homo sapiens	-	S	-	3398	-	NGA
MK117988	Homo sapiens	-	S	-	3161	-	NGA
MK117989	Homo sapiens	-	S	-	3258	-	NGA
MK117990	Homo sapiens	-	S	-	2924	-	NGA
MK117991	Homo sapiens	-	S	-	3398	-	NGA
MK117992	Homo sapiens	-	S	-	3416	-	NGA
MK117993	Homo sapiens	-	S	-	3337	-	NGA
MK117994	Homo sapiens	-	S	-	3399	-	NGA
MK117995	Homo sapiens	-	S	-	3398	-	NGA
MK117996	Homo sapiens	-	S	-	3397	-	NGA
MK117997	Homo sapiens	-	S	-	3392	-	NGA
MK117998	Homo sapiens	-	S	-	3384	-	NGA
MK117999	Homo sapiens	-	S	-	3398	-	NGA
MK118000	Homo sapiens	-	S	-	3406	-	NGA
MK118001	Homo sapiens	-	S	-	3358	-	NGA
MK118002	Homo sapiens	-	S	-	3383	-	NGA
MK118003	Homo sapiens	-	S	-	3348	-	NGA
MK118004	Homo sapiens	-	S	-	2489	-	NGA
MK118005	Homo sapiens	-	S	-	3036	-	NGA
MK118006	Homo sapiens	-	S	-	3108	-	NGA
MK118007	Homo sapiens	-	S	-	3407	-	NGA
MK118008	Homo sapiens	-	S	-	3360	-	NGA
MK118009	Homo sapiens	-	S	-	3398	-	NGA
MK118010	Homo sapiens	-	S	-	3329	-	NGA
MK118011	Homo sapiens	-	S	-	3373	-	NGA
MK118012	Homo sapiens	-	S	-	2881	-	NGA
MK118013	Homo sapiens	-	S	-	3261	-	NGA
MK118014	Homo sapiens	-	S	-	3356	-	NGA
MK118015	Homo sapiens	-	S	-	3315	-	NGA
MK118016	Homo sapiens	-	S	-	3398	-	NGA
MK118017	Homo sapiens	-	S	-	3385	-	NGA
MK118018	Homo sapiens	-	S	-	3410	-	NGA
MK118019	Homo sapiens	-	S	-	3370	-	NGA
MK118020	Homo sapiens	-	S	-	3384	-	NGA
MK118021	Homo sapiens	-	S	-	3401	-	NGA
MK118022	Homo sapiens	-	S	-	3388	-	NGA
MK118023	Homo sapiens	-	S	-	3210	-	NGA
MK118024	Homo sapiens	-	S	-	3387	-	NGA
MK118025	Homo sapiens	-	S	-	3384	-	NGA
MK118026	Homo sapiens	-	S	-	3374	-	NGA
MK118027	Homo sapiens	-	S	-	3403	-	NGA
MK118028	Homo sapiens	-	S	-	3403	-	NGA
MK118029	Homo sapiens	-	S	-	3375	-	NGA
MK118030	Homo sapiens	-	S	-	3402	-	NGA
MK118031	Homo sapiens	-	S	-	3389	-	NGA
MK118032	Homo sapiens	-	S	-	3282	-	NGA
MK118033	Homo sapiens	-	S	-	3384	-	NGA
MK118034	Homo sapiens	-	S	-	3284	-	NGA
MK118035	Homo sapiens	-	S	-	2838	-	NGA
MK118036	Homo sapiens	-	S	-	2939	-	NGA
MK118037	Homo sapiens	-	S	-	3248	-	NGA
MK118038	Homo sapiens	-	S	-	3243	-	NGA
MK118039	Homo sapiens	-	S	-	3060	-	NGA
MK281624	Homo sapiens	-	S	-	3181	-	NGA
MK281625	Homo sapiens	-	S	-	3151	-	NGA
MK281626	Homo sapiens	-	L	-	6952	-	NGA
MK281627	Homo sapiens	-	S	-	3245	-	NGA
MK281628	Homo sapiens	-	L	-	6980	-	NGA
MK281629	Homo sapiens	-	L	-	7112	-	NGA
MK281630	Homo sapiens	-	L	-	6940	-	NGA
MK281631	Homo sapiens	-	S	-	3072	-	NGA
MK291248	Homo sapiens	-	S	-	3292	-	NGA
MK291249	Homo sapiens	-	S	-	3352	-	NGA
MK291250	Homo sapiens	-	S	-	3396	-	NGA
MK291251	Homo sapiens	-	L	-	6714	-	NGA
MK291252	Homo sapiens	-	L	-	7182	-	NGA
MK291253	Homo sapiens	-	L	-	7244	-	NGA
MS811606	-	-	-	-	1710	TRUE	-
NC_004296	-	2916333	S	Josiah	3402	-	-
NC_004297	-	9281522	L	Josiah	7279	-	-
U63094	-	9049403	-	Josiah	6842	-	-
U73034	-	9281522	-	-	7279	-	-
U73035	-	-	-	-	5465	-	-
U80004	-	9417890	-	LP	626	-	-
X52400	-	2042397	-	GA391	3417	-	-
NC_004296	-	2916333	S	Josiah	3402	-	-
NC_004297	-	9281522	L	Josiah	7279	-	-